lot_id_clean,lot_id_raw,supplier,material_type,receipt_date,cert_status,quantity_lbs,unit_cost_per_lb
LOT-1000,LOT-1000,Supplier A,12ga Steel,2023-01-07,Certified,4967,0.689
LOT-1001,LOT1001,Supplier B,16ga Steel,2023-01-06,Certified,2128,2.419
LOT-1002,LOT-1002,Supplier C,"1/4"" Plate",2023-01-02,Certified,1807,2.37
LOT-1003,LOT-1003,Supplier A,14ga Steel,2023-01-02,Certified,1259,1.495
LOT-1004,LOT-1004,Supplier C,"3/8"" Plate",2023-01-09,Certified,3600,0.667
LOT-1005,LOT-1005,Supplier A,Aluminum 5052,2023-01-13,Certified,2075,2.388
LOT-1006,LOT-1006,Supplier A,14ga Steel,2023-01-10,Certified,1327,1.495
LOT-1007,LOT-1007,Supplier B,Stainless 304,2023-01-11,Certified,5808,0.646
LOT-1008,LOT-1008,Supplier B,"3/8"" Plate",2023-01-14,Certified,5062,1.054
LOT-1009,LOT-1009,Supplier A,Stainless 304,2023-01-11,Certified,3786,1.186
LOT-1010,LOT1010,Supplier D,"3/8"" Plate",2023-01-19,Conditional,5766,1.712
LOT-1011,LOT-1011,Supplier A,14ga Steel,2023-01-21,Certified,5288,1.628
LOT-1012,LOT-1012,Supplier B,12ga Steel,2023-01-20,Certified,4542,0.7
LOT-1013,LOT1013,Supplier A,16ga Steel,2023-01-20,Certified,1020,1.508
LOT-1014,LOT-1014,Supplier B,"1/4"" Plate",2023-01-16,Certified,1438,2.325
LOT-1015,LOT-1015,Supplier C,Stainless 304,2023-01-26,Conditional,526,3.073
LOT-1016,LOT-1016,Supplier C,12ga Steel,2023-01-27,Missing,1371,2.844
LOT-1017,LOT-1017,Supplier A,Aluminum 5052,2023-01-24,Certified,4918,3.072
LOT-1018,LOT-1018,Supplier D,16ga Steel,2023-01-23,Certified,3473,2.866
LOT-1019,LOT-1019,Supplier C,12ga Steel,2023-01-23,Certified,1201,2.463
LOT-1020,LOT1020,Supplier C,Stainless 304,2023-01-27,Certified,1852,1.179
LOT-1021,LOT-1021,Supplier C,"1/4"" Plate",2023-01-28,Missing,2147,2.411
LOT-1022,LOT-1022,Supplier B,Aluminum 5052,2023-01-27,Certified,4198,0.783
LOT-1023,LOT-1023,Supplier A,16ga Steel,2023-01-30,Certified,5669,0.612
LOT-1024,LOT-1024,Supplier A,16ga Steel,2023-02-04,Conditional,4476,1.039
LOT-1025,LOT-1025,Supplier A,"3/8"" Plate",2023-02-02,Certified,2059,0.709
LOT-1026,LOT-1026,Supplier C,12ga Steel,2023-02-04,Certified,943,2.302
LOT-1027,LOT-1027,Supplier D,16ga Steel,2023-01-30,Certified,2536,0.977
LOT-1028,LOT-1028,Supplier B,"1/4"" Plate",2023-02-06,Certified,4130,2.672
LOT-1029,LOT-1029,Supplier C,16ga Steel,2023-02-06,Certified,1264,2.998
LOT-1030,LOT-1030,Supplier C,14ga Steel,2023-02-09,Certified,980,0.903
LOT-1031,LOT-1031,Supplier A,"1/4"" Plate",2023-02-09,Certified,2836,1.613
LOT-1032,LOT-1032,Supplier D,Stainless 304,2023-02-07,Certified,2055,1.266
LOT-1033,LOT-1033,Supplier D,"3/8"" Plate",2023-02-06,Certified,5285,1.761
LOT-1034,LOT-1034,Supplier D,"3/8"" Plate",2023-02-06,Certified,2022,0.638
LOT-1035,1035,Supplier A,Stainless 304,2023-02-07,Certified,5242,2.085
LOT-1036,LOT-1036,Supplier A,Aluminum 5052,2023-02-15,Certified,2173,2.292
LOT-1037,LOT-1037,Supplier A,12ga Steel,2023-02-15,Certified,4245,1.319
LOT-1038,LOT-1038,Supplier C,16ga Steel,2023-02-17,Certified,1319,0.651
LOT-1039,LOT-1039,Supplier A,12ga Steel,2023-02-14,Certified,3527,1.234
LOT-1040,LOT-1040,Supplier B,"3/8"" Plate",2023-02-18,Certified,4833,0.472
LOT-1041,1041,Supplier C,12ga Steel,2023-02-15,Missing,1445,2.897
LOT-1042,LOT-1042,Supplier C,14ga Steel,2023-02-18,Certified,3308,1.01
LOT-1043,1043,Supplier B,12ga Steel,2023-02-13,Certified,1256,2.194
LOT-1044,LOT-1044,Supplier A,12ga Steel,2023-02-22,Certified,1823,2.488
LOT-1045,1045,Supplier B,"1/4"" Plate",2023-02-25,Certified,1721,1.95
LOT-1046,LOT-1046,Supplier C,"3/8"" Plate",2023-02-20,Conditional,3025,1.453
LOT-1047,LOT1047,Supplier D,Stainless 304,2023-02-25,Certified,1342,1.423
LOT-1048,LOT-1048,Supplier B,Stainless 304,2023-02-21,Certified,2439,2.828
LOT-1049,LOT-1049,Supplier D,Stainless 304,2023-02-21,Certified,3221,2.602
LOT-1050,LOT-1050,Supplier C,Stainless 304,2023-03-04,Conditional,1385,1.502
LOT-1051,LOT-1051,Supplier A,"1/4"" Plate",2023-03-02,Certified,3364,1.289
LOT-1052,LOT-1052,Supplier C,14ga Steel,2023-03-02,Certified,3189,1.216
LOT-1053,LOT-1053,Supplier A,Stainless 304,2023-03-02,Certified,4892,1.361
LOT-1054,LOT-1054,Supplier A,12ga Steel,2023-03-01,Certified,813,0.748
LOT-1055,LOT-1055,Supplier B,Aluminum 5052,2023-03-03,Certified,1447,1.509
LOT-1056,LOT-1056,Supplier B,12ga Steel,2023-03-03,Certified,4910,2.339
LOT-1057,LOT-1057,Supplier B,16ga Steel,2023-03-10,Missing,3071,2.274
LOT-1058,LOT-1058,Supplier A,12ga Steel,2023-03-08,Certified,3796,2.367
LOT-1059,LOT-1059,Supplier B,14ga Steel,2023-03-11,Certified,1925,2.143
LOT-1060,LOT-1060,Supplier A,"3/8"" Plate",2023-03-10,Conditional,5469,2.25
LOT-1061,LOT-1061,Supplier B,"1/4"" Plate",2023-03-11,Certified,1890,2.262
LOT-1062,L-1062,Supplier B,Aluminum 5052,2023-03-14,Certified,3042,1.068
LOT-1063,LOT-1063,Supplier A,16ga Steel,2023-03-17,Certified,1096,1.702
LOT-1064,LOT-1064,Supplier C,"3/8"" Plate",2023-03-16,Certified,3773,1.121
LOT-1065,LOT-1065,Supplier C,16ga Steel,2023-03-13,Missing,3982,1.052
LOT-1066,LOT-1066,Supplier C,Aluminum 5052,2023-03-13,Certified,4239,0.817
LOT-1067,LOT-1067,Supplier B,"3/8"" Plate",2023-03-16,Missing,5518,2.691
LOT-1068,1068,Supplier B,"3/8"" Plate",2023-03-23,Certified,2623,2.517
LOT-1069,LOT-1069,Supplier C,12ga Steel,2023-03-25,Conditional,2459,1.205
LOT-1070,1070,Supplier A,12ga Steel,2023-03-20,Certified,1633,0.865
LOT-1071,LOT-1071,Supplier B,14ga Steel,2023-03-24,Certified,4316,1.593
LOT-1072,LOT-1072,Supplier A,"1/4"" Plate",2023-03-25,Certified,660,2.806
LOT-1073,LOT-1073,Supplier C,"1/4"" Plate",2023-03-22,Certified,3694,2.797
LOT-1074,LOT-1074,Supplier D,"1/4"" Plate",2023-03-24,Certified,2306,1.793
LOT-1075,LOT1075,Supplier A,"1/4"" Plate",2023-03-23,Certified,1852,2.761
LOT-1076,LOT-1076,Supplier D,"3/8"" Plate",2023-03-27,Certified,1187,2.218
LOT-1077,LOT-1077,Supplier A,"1/4"" Plate",2023-03-30,Certified,3177,1.378
LOT-1078,LOT-1078,Supplier C,12ga Steel,2023-03-29,Conditional,1170,1.743
LOT-1079,LOT1079,Supplier C,16ga Steel,2023-04-01,Missing,829,2.524
LOT-1080,LOT-1080,Supplier D,14ga Steel,2023-03-28,Conditional,1534,1.752
LOT-1081,LOT-1081,Supplier B,14ga Steel,2023-04-07,Certified,5474,3.1
LOT-1082,LOT-1082,Supplier C,Stainless 304,2023-04-03,Conditional,5240,0.521
LOT-1083,1083,Supplier A,Aluminum 5052,2023-04-04,Conditional,1122,2.078
LOT-1084,LOT-1084,Supplier C,14ga Steel,2023-04-08,Certified,5418,2.665
LOT-1085,LOT-1085,Supplier C,12ga Steel,2023-04-10,Certified,4644,2.231
LOT-1086,L-1086,Supplier A,"1/4"" Plate",2023-04-15,Conditional,4266,2.395
LOT-1087,LOT-1087,Supplier B,Aluminum 5052,2023-04-14,Certified,4908,2.58
LOT-1088,1088,Supplier B,Stainless 304,2023-04-10,Certified,2784,2.874
LOT-1089,LOT-1089,Supplier A,"1/4"" Plate",2023-04-12,Certified,735,1.809
LOT-1090,LOT-1090,Supplier A,"1/4"" Plate",2023-04-12,Certified,2790,2.871
LOT-1091,LOT-1091,Supplier C,12ga Steel,2023-04-11,Conditional,1201,1.114
LOT-1092,LOT-1092,Supplier B,"3/8"" Plate",2023-04-15,Certified,4520,1.682
LOT-1093,LOT1093,Supplier A,14ga Steel,2023-04-19,Certified,4376,1.972
LOT-1094,LOT-1094,Supplier A,Aluminum 5052,2023-04-19,Certified,2559,1.084
LOT-1095,LOT-1095,Supplier C,12ga Steel,2023-04-22,Certified,2016,0.977
LOT-1096,LOT-1096,Supplier C,12ga Steel,2023-04-21,Conditional,5388,1.228
LOT-1097,LOT-1097,Supplier C,12ga Steel,2023-04-28,Certified,1536,1.204
LOT-1098,LOT-1098,Supplier D,"3/8"" Plate",2023-04-29,Certified,4521,0.732
LOT-1099,LOT-1099,Supplier A,12ga Steel,2023-04-25,Certified,920,1.144
LOT-1100,LOT-1100,Supplier C,16ga Steel,2023-04-24,Conditional,5226,2.181
LOT-1101,L-1101,Supplier A,Stainless 304,2023-05-01,Certified,5071,2.552
LOT-1102,LOT-1102,Supplier B,Stainless 304,2023-05-04,Certified,4190,2.948
LOT-1103,LOT1103,Supplier A,"3/8"" Plate",2023-05-05,Missing,1312,3.056
LOT-1104,LOT-1104,Supplier A,14ga Steel,2023-05-05,Certified,1114,0.88
LOT-1105,LOT-1105,Supplier B,"3/8"" Plate",2023-05-10,Certified,4219,0.646
LOT-1106,LOT-1106,Supplier A,12ga Steel,2023-05-13,Certified,2120,1.619
LOT-1107,LOT-1107,Supplier B,Aluminum 5052,2023-05-08,Certified,1859,2.63
LOT-1108,LOT-1108,Supplier B,Stainless 304,2023-05-13,Certified,2991,2.374
LOT-1109,LOT-1109,Supplier D,"3/8"" Plate",2023-05-12,Certified,826,2.896
LOT-1110,L-1110,Supplier C,"3/8"" Plate",2023-05-12,Certified,5309,3.065
LOT-1111,LOT-1111,Supplier D,Aluminum 5052,2023-05-09,Conditional,4354,1.877
LOT-1112,LOT-1112,Supplier D,14ga Steel,2023-05-18,Missing,1247,1.743
LOT-1113,LOT-1113,Supplier B,12ga Steel,2023-05-17,Certified,3872,2.358
LOT-1114,LOT-1114,Supplier A,"1/4"" Plate",2023-05-18,Conditional,1221,1.315
LOT-1115,LOT-1115,Supplier A,Stainless 304,2023-05-15,Certified,5887,2.841
LOT-1116,LOT1116,Supplier B,16ga Steel,2023-05-20,Certified,4121,2.54
LOT-1117,1117,Supplier A,"3/8"" Plate",2023-05-18,Certified,1494,0.529
LOT-1118,LOT-1118,Supplier B,Stainless 304,2023-05-19,Certified,3842,0.706
LOT-1119,1119,Supplier B,16ga Steel,2023-05-24,Certified,4668,2.39
LOT-1120,LOT-1120,Supplier B,"1/4"" Plate",2023-05-25,Missing,2061,2.985
LOT-1121,LOT1121,Supplier B,14ga Steel,2023-05-25,Conditional,3284,3.019
LOT-1122,LOT-1122,Supplier B,Stainless 304,2023-05-26,Certified,5250,3.197
LOT-1123,LOT-1123,Supplier C,"1/4"" Plate",2023-06-02,Certified,3590,1.702
LOT-1124,LOT-1124,Supplier A,14ga Steel,2023-06-01,Missing,857,1.325
LOT-1125,LOT-1125,Supplier B,Stainless 304,2023-06-03,Certified,1746,1.812
LOT-1126,LOT-1126,Supplier A,"3/8"" Plate",2023-06-01,Missing,1316,1.896
LOT-1127,LOT-1127,Supplier B,Aluminum 5052,2023-05-30,Certified,1112,1.741
LOT-1128,LOT-1128,Supplier D,12ga Steel,2023-05-31,Certified,4871,1.495
LOT-1129,LOT-1129,Supplier A,Aluminum 5052,2023-06-02,Conditional,794,2.148
LOT-1130,LOT-1130,Supplier B,12ga Steel,2023-06-08,Missing,1306,2.541
LOT-1131,LOT-1131,Supplier C,16ga Steel,2023-06-05,Certified,876,1.342
LOT-1132,LOT-1132,Supplier A,12ga Steel,2023-06-09,Certified,1975,0.917
LOT-1133,LOT-1133,Supplier A,Stainless 304,2023-06-08,Certified,5277,0.844
LOT-1134,LOT-1134,Supplier B,12ga Steel,2023-06-08,Certified,2856,2.313
LOT-1135,L-1135,Supplier A,12ga Steel,2023-06-17,Missing,2548,1.706
LOT-1136,LOT-1136,Supplier A,"1/4"" Plate",2023-06-14,Conditional,5208,1.264
LOT-1137,LOT-1137,Supplier C,16ga Steel,2023-06-14,Missing,566,2.006
LOT-1138,LOT-1138,Supplier C,Aluminum 5052,2023-06-17,Missing,4569,2.74
LOT-1139,LOT-1139,Supplier D,Stainless 304,2023-06-14,Certified,2294,2.201
LOT-1140,LOT-1140,Supplier A,Stainless 304,2023-06-20,Certified,5646,0.717
LOT-1141,LOT-1141,Supplier B,16ga Steel,2023-06-23,Certified,3488,2.464
LOT-1142,LOT-1142,Supplier A,12ga Steel,2023-06-20,Certified,1582,2.613
LOT-1143,LOT-1143,Supplier C,12ga Steel,2023-06-20,Certified,2605,2.964
LOT-1144,LOT-1144,Supplier D,Stainless 304,2023-06-19,Certified,4336,3.098
LOT-1145,LOT-1145,Supplier A,14ga Steel,2023-06-22,Conditional,5065,1.456
LOT-1146,LOT-1146,Supplier C,16ga Steel,2023-06-24,Certified,2647,2.058
LOT-1147,LOT-1147,Supplier C,12ga Steel,2023-06-23,Certified,3187,2.967
LOT-1148,LOT-1148,Supplier B,Aluminum 5052,2023-06-28,Conditional,5818,1.573
LOT-1149,LOT-1149,Supplier A,16ga Steel,2023-06-26,Certified,2423,2.89
LOT-1150,LOT-1150,Supplier A,"1/4"" Plate",2023-07-01,Certified,4925,1.603
LOT-1151,LOT-1151,Supplier C,14ga Steel,2023-06-29,Missing,5543,1.572
LOT-1152,LOT-1152,Supplier D,16ga Steel,2023-06-27,Certified,3471,0.723
LOT-1153,LOT-1153,Supplier B,Aluminum 5052,2023-07-03,Certified,4225,0.702
LOT-1154,LOT1154,Supplier A,Aluminum 5052,2023-07-04,Certified,1531,2.614
LOT-1155,LOT-1155,Supplier A,Stainless 304,2023-07-04,Certified,3191,2.58
LOT-1156,LOT-1156,Supplier C,"3/8"" Plate",2023-07-04,Certified,1564,1.936
LOT-1157,LOT-1157,Supplier C,16ga Steel,2023-07-04,Conditional,5323,1.34
LOT-1158,LOT-1158,Supplier A,16ga Steel,2023-07-03,Certified,1020,1.76
LOT-1159,LOT1159,Supplier B,16ga Steel,2023-07-15,Certified,5897,1.884
LOT-1160,LOT-1160,Supplier B,16ga Steel,2023-07-13,Certified,3992,2.337
LOT-1161,LOT1161,Supplier B,"1/4"" Plate",2023-07-10,Certified,1533,1.206
LOT-1162,LOT-1162,Supplier B,"3/8"" Plate",2023-07-12,Certified,4216,1.84
LOT-1163,LOT-1163,Supplier B,Stainless 304,2023-07-15,Certified,5016,2.432
LOT-1164,LOT-1164,Supplier A,"1/4"" Plate",2023-07-13,Conditional,3766,1.594
LOT-1165,LOT-1165,Supplier A,12ga Steel,2023-07-20,Certified,1049,0.701
LOT-1166,LOT-1166,Supplier A,"1/4"" Plate",2023-07-18,Certified,5057,0.615
LOT-1167,LOT-1167,Supplier D,"3/8"" Plate",2023-07-22,Certified,3964,2.837
LOT-1168,LOT-1168,Supplier C,12ga Steel,2023-07-18,Conditional,1767,2.256
LOT-1169,LOT1169,Supplier C,12ga Steel,2023-07-28,Conditional,2352,2.67
LOT-1170,LOT-1170,Supplier C,Stainless 304,2023-07-29,Conditional,5060,0.522
LOT-1171,LOT-1171,Supplier D,Stainless 304,2023-07-26,Certified,3283,1.415
LOT-1172,LOT-1172,Supplier A,14ga Steel,2023-07-25,Certified,5686,3.122
LOT-1173,LOT-1173,Supplier A,"3/8"" Plate",2023-07-26,Certified,1789,1.468
LOT-1174,LOT-1174,Supplier C,"3/8"" Plate",2023-08-01,Conditional,1789,2.525
LOT-1175,LOT-1175,Supplier A,16ga Steel,2023-08-03,Certified,5473,1.666
LOT-1176,LOT-1176,Supplier A,Stainless 304,2023-08-05,Certified,5358,1.788
LOT-1177,LOT-1177,Supplier C,16ga Steel,2023-07-31,Certified,562,1.012
LOT-1178,LOT-1178,Supplier D,Stainless 304,2023-07-31,Certified,4574,2.504
LOT-1179,LOT-1179,Supplier A,"1/4"" Plate",2023-08-05,Certified,3401,0.648
LOT-1180,LOT-1180,Supplier B,"1/4"" Plate",2023-08-11,Conditional,4016,2.027
LOT-1181,LOT-1181,Supplier C,"1/4"" Plate",2023-08-09,Certified,1907,2.654
LOT-1182,LOT-1182,Supplier B,Stainless 304,2023-08-07,Certified,2493,1.648
LOT-1183,LOT-1183,Supplier B,16ga Steel,2023-08-09,Certified,1877,0.66
LOT-1184,LOT1184,Supplier B,14ga Steel,2023-08-19,Conditional,1709,1.1
LOT-1185,LOT1185,Supplier A,14ga Steel,2023-08-14,Certified,1951,3.066
LOT-1186,LOT-1186,Supplier B,"1/4"" Plate",2023-08-17,Certified,5124,2.218
LOT-1187,LOT-1187,Supplier D,12ga Steel,2023-08-15,Conditional,4102,0.638
LOT-1188,LOT-1188,Supplier B,Stainless 304,2023-08-23,Certified,4282,1.693
LOT-1189,LOT-1189,Supplier A,Stainless 304,2023-08-21,Certified,5538,2.084
LOT-1190,LOT-1190,Supplier B,"3/8"" Plate",2023-08-21,Certified,4184,2.95
LOT-1191,LOT-1191,Supplier B,14ga Steel,2023-08-22,Certified,1006,1.689
LOT-1192,LOT-1192,Supplier C,Stainless 304,2023-08-25,Certified,5793,0.925
LOT-1193,LOT-1193,Supplier A,"1/4"" Plate",2023-08-25,Missing,1800,1.451
LOT-1194,LOT-1194,Supplier D,"1/4"" Plate",2023-08-26,Certified,5802,1.37
LOT-1195,1195,Supplier A,Aluminum 5052,2023-09-01,Certified,1731,1.367
LOT-1196,LOT1196,Supplier B,14ga Steel,2023-09-02,Conditional,3710,0.805
LOT-1197,LOT1197,Supplier C,16ga Steel,2023-08-29,Certified,5989,2.383
LOT-1198,LOT1198,Supplier D,Aluminum 5052,2023-09-01,Conditional,3464,0.5
LOT-1199,LOT-1199,Supplier A,14ga Steel,2023-08-29,Certified,2355,3.2
LOT-1200,LOT1200,Supplier A,12ga Steel,2023-09-02,Conditional,4813,0.554
LOT-1201,LOT-1201,Supplier C,"3/8"" Plate",2023-09-09,Certified,5617,2.675
LOT-1202,LOT1202,Supplier A,"1/4"" Plate",2023-09-07,Certified,5501,1.234
LOT-1203,L-1203,Supplier C,"1/4"" Plate",2023-09-07,Certified,2089,1.462
LOT-1204,LOT-1204,Supplier D,"1/4"" Plate",2023-09-08,Certified,3929,3.107
LOT-1205,LOT-1205,Supplier C,Stainless 304,2023-09-04,Conditional,5752,1.772
LOT-1206,LOT-1206,Supplier B,16ga Steel,2023-09-04,Certified,2835,0.681
LOT-1207,LOT-1207,Supplier A,"3/8"" Plate",2023-09-12,Certified,4195,2.883
LOT-1208,LOT-1208,Supplier D,"1/4"" Plate",2023-09-12,Certified,3663,3.185
LOT-1209,LOT1209,Supplier B,16ga Steel,2023-09-13,Certified,1696,0.828
LOT-1210,LOT-1210,Supplier A,Stainless 304,2023-09-16,Certified,4342,1.684
LOT-1211,LOT-1211,Supplier A,16ga Steel,2023-09-16,Certified,5487,1.901
LOT-1212,LOT-1212,Supplier C,14ga Steel,2023-09-22,Certified,4244,0.623
LOT-1213,LOT-1213,Supplier C,"1/4"" Plate",2023-09-19,Conditional,1676,1.251
LOT-1214,LOT-1214,Supplier A,12ga Steel,2023-09-23,Certified,5974,0.685
LOT-1215,LOT-1215,Supplier D,16ga Steel,2023-09-22,Missing,5039,0.506
LOT-1216,LOT-1216,Supplier A,"1/4"" Plate",2023-09-25,Missing,3324,1.113
LOT-1217,LOT-1217,Supplier C,16ga Steel,2023-09-27,Conditional,1592,0.572
LOT-1218,LOT-1218,Supplier B,Stainless 304,2023-09-30,Certified,4306,3.147
LOT-1219,LOT1219,Supplier B,14ga Steel,2023-09-28,Conditional,802,1.257
LOT-1220,LOT-1220,Supplier A,14ga Steel,2023-09-28,Conditional,4948,1.752
LOT-1221,LOT1221,Supplier A,Aluminum 5052,2023-09-30,Certified,3219,1.201
LOT-1222,LOT-1222,Supplier C,"1/4"" Plate",2023-09-28,Missing,3277,3.128
LOT-1223,LOT-1223,Supplier C,12ga Steel,2023-10-02,Missing,3977,0.667
LOT-1224,LOT-1224,Supplier B,Stainless 304,2023-10-04,Certified,5914,1.263
LOT-1225,LOT-1225,Supplier B,Aluminum 5052,2023-10-04,Certified,4162,0.566
LOT-1226,LOT-1226,Supplier C,12ga Steel,2023-10-07,Conditional,969,0.656
LOT-1227,LOT-1227,Supplier B,12ga Steel,2023-10-03,Certified,755,0.843
LOT-1228,LOT-1228,Supplier B,Stainless 304,2023-10-07,Certified,3500,1.446
LOT-1229,LOT-1229,Supplier D,16ga Steel,2023-10-04,Certified,3547,1.671
LOT-1230,LOT-1230,Supplier B,"3/8"" Plate",2023-10-09,Certified,712,2.473
LOT-1231,LOT1231,Supplier B,"1/4"" Plate",2023-10-14,Conditional,4155,1.04
LOT-1232,LOT-1232,Supplier B,Aluminum 5052,2023-10-09,Conditional,1611,2.795
LOT-1233,LOT1233,Supplier B,Aluminum 5052,2023-10-11,Certified,5970,1.405
LOT-1234,LOT-1234,Supplier B,12ga Steel,2023-10-21,Conditional,5724,0.929
LOT-1235,LOT-1235,Supplier B,14ga Steel,2023-10-19,Certified,715,1.442
LOT-1236,LOT-1236,Supplier B,"1/4"" Plate",2023-10-20,Conditional,1206,0.631
LOT-1237,LOT-1237,Supplier B,Aluminum 5052,2023-10-19,Certified,5209,0.653
LOT-1238,LOT-1238,Supplier B,"1/4"" Plate",2023-10-24,Certified,5016,2.209
LOT-1239,LOT-1239,Supplier A,14ga Steel,2023-10-23,Certified,1517,1.875
LOT-1240,LOT-1240,Supplier A,14ga Steel,2023-10-25,Certified,4750,2.911
LOT-1241,LOT-1241,Supplier C,12ga Steel,2023-10-25,Certified,1525,2.169
LOT-1242,1242,Supplier B,16ga Steel,2023-10-24,Certified,1902,2.262
LOT-1243,LOT-1243,Supplier C,"3/8"" Plate",2023-10-23,Certified,732,0.673
LOT-1244,LOT-1244,Supplier A,14ga Steel,2023-11-04,Certified,748,1.82
LOT-1245,LOT-1245,Supplier B,12ga Steel,2023-11-04,Certified,3826,1.268
LOT-1246,LOT-1246,Supplier A,16ga Steel,2023-11-02,Certified,2171,1.386
LOT-1247,LOT-1247,Supplier A,Stainless 304,2023-11-01,Certified,3766,0.81
LOT-1248,LOT-1248,Supplier B,"3/8"" Plate",2023-11-02,Certified,2530,0.837
LOT-1249,LOT-1249,Supplier A,"1/4"" Plate",2023-10-31,Conditional,3182,3.018
LOT-1250,LOT-1250,Supplier C,14ga Steel,2023-11-03,Conditional,4324,1.822
LOT-1251,LOT-1251,Supplier A,16ga Steel,2023-10-31,Certified,2262,2.054
LOT-1252,LOT-1252,Supplier A,"1/4"" Plate",2023-11-11,Certified,4355,1.236
LOT-1253,LOT-1253,Supplier A,16ga Steel,2023-11-11,Certified,3496,2.551
LOT-1254,LOT-1254,Supplier B,"1/4"" Plate",2023-11-08,Certified,5032,1.244
LOT-1255,L-1255,Supplier B,"1/4"" Plate",2023-11-11,Certified,5505,0.777
LOT-1256,LOT-1256,Supplier B,Stainless 304,2023-11-15,Missing,1681,0.997
LOT-1257,LOT1257,Supplier B,"3/8"" Plate",2023-11-16,Certified,4754,1.707
LOT-1258,LOT-1258,Supplier B,"3/8"" Plate",2023-11-15,Certified,1831,1.531
LOT-1259,1259,Supplier B,Stainless 304,2023-11-17,Certified,4512,2.399
LOT-1260,LOT-1260,Supplier B,16ga Steel,2023-11-23,Certified,5281,1.296
LOT-1261,LOT-1261,Supplier C,Stainless 304,2023-11-25,Conditional,5238,2.038
LOT-1262,LOT-1262,Supplier C,"3/8"" Plate",2023-11-25,Certified,5576,2.58
LOT-1263,1263,Supplier B,Stainless 304,2023-11-20,Certified,2062,0.502
LOT-1264,LOT-1264,Supplier A,14ga Steel,2023-11-24,Certified,4363,2.85
LOT-1265,LOT-1265,Supplier C,16ga Steel,2023-11-24,Conditional,3162,3.195
LOT-1266,LOT-1266,Supplier B,12ga Steel,2023-12-01,Missing,3304,1.952
LOT-1267,LOT-1267,Supplier C,Stainless 304,2023-12-02,Conditional,2665,2.128
LOT-1268,1268,Supplier A,14ga Steel,2023-11-29,Certified,2867,2.388
LOT-1269,1269,Supplier C,"1/4"" Plate",2023-12-02,Certified,2740,1.241
LOT-1270,LOT-1270,Supplier B,"3/8"" Plate",2023-11-29,Certified,1699,1.249
LOT-1271,LOT-1271,Supplier A,Aluminum 5052,2023-12-02,Certified,2600,2.505
LOT-1272,LOT-1272,Supplier A,Stainless 304,2023-12-02,Certified,2725,0.828
LOT-1273,LOT-1273,Supplier C,14ga Steel,2023-12-08,Certified,2348,2.204
LOT-1274,LOT-1274,Supplier A,"1/4"" Plate",2023-12-09,Certified,1626,0.464
LOT-1275,LOT-1275,Supplier B,14ga Steel,2023-12-07,Certified,4411,2.239
LOT-1276,LOT-1276,Supplier C,12ga Steel,2023-12-04,Certified,5843,2.029
LOT-1277,1277,Supplier B,Aluminum 5052,2023-12-07,Conditional,1940,3.018
LOT-1278,LOT-1278,Supplier A,Stainless 304,2023-12-09,Certified,2871,2.861
LOT-1279,LOT-1279,Supplier A,"3/8"" Plate",2023-12-06,Certified,2831,1.699
LOT-1280,LOT-1280,Supplier B,"3/8"" Plate",2023-12-08,Certified,4334,1.2
LOT-1281,LOT-1281,Supplier A,Aluminum 5052,2023-12-16,Certified,3261,2.625
LOT-1282,LOT-1282,Supplier B,Stainless 304,2023-12-16,Certified,3821,2.724
LOT-1283,L-1283,Supplier B,16ga Steel,2023-12-14,Certified,3150,3.024
LOT-1284,LOT-1284,Supplier A,"1/4"" Plate",2023-12-13,Certified,2973,2.052
LOT-1285,LOT1285,Supplier A,Aluminum 5052,2023-12-21,Certified,3013,0.889
LOT-1286,LOT-1286,Supplier C,Aluminum 5052,2023-12-23,Conditional,2916,1.461
LOT-1287,LOT-1287,Supplier A,14ga Steel,2023-12-22,Certified,3560,1.594
LOT-1288,LOT-1288,Supplier B,"1/4"" Plate",2023-12-19,Certified,2527,2.321
LOT-1289,LOT-1289,Supplier B,Stainless 304,2023-12-23,Certified,3463,0.665
LOT-1290,LOT-1290,Supplier B,16ga Steel,2023-12-19,Conditional,5191,1.926
LOT-1291,LOT-1291,Supplier A,Stainless 304,2023-12-22,Certified,4504,0.7
LOT-1292,LOT-1292,Supplier B,Stainless 304,2023-12-22,Certified,972,1.987
LOT-1293,LOT-1293,Supplier C,"1/4"" Plate",2023-12-25,Certified,871,1.615
LOT-1294,LOT-1294,Supplier C,"3/8"" Plate",2023-12-25,Missing,4367,0.537
LOT-1295,LOT-1295,Supplier B,Stainless 304,2023-12-30,Certified,5791,3.1
LOT-1296,LOT-1296,Supplier B,"1/4"" Plate",2023-12-28,Certified,3577,0.671
LOT-1297,LOT-1297,Supplier D,Stainless 304,2023-12-27,Certified,1471,0.941
LOT-1298,LOT-1298,Supplier B,"3/8"" Plate",2023-12-25,Certified,686,3.141
LOT-1299,LOT-1299,Supplier C,"3/8"" Plate",2024-01-04,Certified,3335,0.877
LOT-1300,LOT1300,Supplier A,Aluminum 5052,2024-01-05,Certified,628,1.112
LOT-1301,LOT-1301,Supplier A,"3/8"" Plate",2024-01-06,Certified,898,1.123
LOT-1302,1302,Supplier A,"1/4"" Plate",2024-01-01,Certified,1647,1.836
LOT-1303,LOT-1303,Supplier A,Stainless 304,2024-01-05,Conditional,5398,2.574
LOT-1304,LOT1304,Supplier C,14ga Steel,2024-01-02,Certified,3887,1.276
LOT-1305,LOT-1305,Supplier A,"3/8"" Plate",2024-01-06,Conditional,3999,1.979
LOT-1306,LOT-1306,Supplier D,Aluminum 5052,2024-01-10,Certified,3910,1.573
LOT-1307,LOT-1307,Supplier A,14ga Steel,2024-01-09,Certified,2963,2.808
LOT-1308,LOT-1308,Supplier A,"1/4"" Plate",2024-01-11,Conditional,5065,1.907
LOT-1309,LOT-1309,Supplier B,12ga Steel,2024-01-11,Certified,3539,0.704
LOT-1310,LOT-1310,Supplier A,"1/4"" Plate",2024-01-15,Certified,2041,2.663
LOT-1311,LOT-1311,Supplier B,Aluminum 5052,2024-01-17,Certified,2983,3.082
LOT-1312,L-1312,Supplier A,14ga Steel,2024-01-18,Missing,2487,2.363
LOT-1313,LOT-1313,Supplier C,"1/4"" Plate",2024-01-17,Missing,3618,1.732
LOT-1314,LOT-1314,Supplier B,12ga Steel,2024-01-18,Certified,4317,0.721
LOT-1315,LOT-1315,Supplier C,12ga Steel,2024-01-26,Missing,2312,2.488
LOT-1316,LOT-1316,Supplier A,"3/8"" Plate",2024-01-25,Conditional,2918,0.869
LOT-1317,LOT-1317,Supplier A,"1/4"" Plate",2024-01-27,Certified,3265,1.158
LOT-1318,LOT-1318,Supplier C,Aluminum 5052,2024-01-23,Conditional,3385,0.915
LOT-1319,LOT-1319,Supplier C,"1/4"" Plate",2024-01-27,Certified,981,1.891
LOT-1320,LOT-1320,Supplier C,16ga Steel,2024-01-22,Missing,3878,0.828
LOT-1321,LOT-1321,Supplier B,16ga Steel,2024-01-24,Certified,995,2.149
LOT-1322,LOT-1322,Supplier D,Aluminum 5052,2024-01-29,Certified,637,1.906
LOT-1323,LOT-1323,Supplier A,12ga Steel,2024-02-03,Certified,4027,2.667
LOT-1324,LOT-1324,Supplier D,16ga Steel,2024-01-30,Conditional,2072,2.154
LOT-1325,LOT-1325,Supplier A,12ga Steel,2024-02-01,Certified,4260,2.004
LOT-1326,LOT-1326,Supplier D,14ga Steel,2024-01-29,Certified,5855,3.177
LOT-1327,LOT-1327,Supplier B,16ga Steel,2024-01-29,Certified,5716,0.476
LOT-1328,LOT-1328,Supplier A,"1/4"" Plate",2024-01-31,Conditional,5135,3.138
LOT-1329,1329,Supplier D,"3/8"" Plate",2024-02-03,Conditional,5143,1.758
LOT-1330,LOT-1330,Supplier D,Aluminum 5052,2024-02-09,Conditional,5891,0.54
LOT-1331,LOT-1331,Supplier D,12ga Steel,2024-02-10,Certified,3762,3.004
LOT-1332,LOT-1332,Supplier A,"3/8"" Plate",2024-02-08,Certified,4928,1.362
LOT-1333,LOT-1333,Supplier C,14ga Steel,2024-02-05,Conditional,4602,2.5
LOT-1334,LOT1334,Supplier A,"1/4"" Plate",2024-02-16,Certified,5379,1.541
LOT-1335,LOT-1335,Supplier C,16ga Steel,2024-02-15,Conditional,4519,1.077
LOT-1336,LOT-1336,Supplier B,"1/4"" Plate",2024-02-17,Certified,3613,0.686
LOT-1337,LOT-1337,Supplier B,Stainless 304,2024-02-15,Certified,5692,0.874
LOT-1338,LOT-1338,Supplier B,12ga Steel,2024-02-14,Certified,2709,0.731
LOT-1339,LOT-1339,Supplier A,"1/4"" Plate",2024-02-15,Certified,1346,0.522
LOT-1340,LOT-1340,Supplier B,"3/8"" Plate",2024-02-21,Certified,3889,1.516
LOT-1341,LOT-1341,Supplier A,"3/8"" Plate",2024-02-23,Conditional,4768,0.916
LOT-1342,LOT-1342,Supplier B,14ga Steel,2024-02-20,Certified,4060,1.209
LOT-1343,LOT-1343,Supplier A,Stainless 304,2024-02-24,Certified,4561,2.083
LOT-1344,LOT-1344,Supplier A,16ga Steel,2024-02-23,Certified,3612,2.661
LOT-1345,LOT-1345,Supplier A,12ga Steel,2024-02-24,Certified,5369,0.824
LOT-1346,L-1346,Supplier B,Aluminum 5052,2024-02-28,Certified,2887,2.471
LOT-1347,LOT-1347,Supplier B,"3/8"" Plate",2024-02-29,Certified,3490,0.763
LOT-1348,LOT1348,Supplier B,"3/8"" Plate",2024-02-26,Missing,4281,3.043
LOT-1349,LOT-1349,Supplier A,Stainless 304,2024-02-29,Certified,4590,0.833
LOT-1350,LOT-1350,Supplier A,12ga Steel,2024-02-29,Certified,1105,1.685
LOT-1351,LOT-1351,Supplier B,"3/8"" Plate",2024-03-02,Certified,3926,1.945
LOT-1352,LOT-1352,Supplier C,Stainless 304,2024-03-04,Certified,1395,2.565
LOT-1353,LOT-1353,Supplier C,12ga Steel,2024-03-08,Certified,5784,2.313
LOT-1354,LOT-1354,Supplier B,Stainless 304,2024-03-04,Certified,586,0.721
LOT-1355,LOT-1355,Supplier A,Aluminum 5052,2024-03-08,Certified,2310,1.676
LOT-1356,LOT-1356,Supplier B,Stainless 304,2024-03-05,Certified,3325,3.194
LOT-1357,LOT-1357,Supplier B,12ga Steel,2024-03-04,Certified,1660,1.408
LOT-1358,LOT-1358,Supplier B,14ga Steel,2024-03-16,Certified,4206,1.327
LOT-1359,LOT-1359,Supplier A,Stainless 304,2024-03-11,Certified,1846,3.007
LOT-1360,LOT-1360,Supplier C,"3/8"" Plate",2024-03-14,Certified,2399,2.644
LOT-1361,LOT-1361,Supplier B,14ga Steel,2024-03-11,Certified,5530,2.879
LOT-1362,LOT-1362,Supplier B,"1/4"" Plate",2024-03-12,Certified,2780,2.519
LOT-1363,LOT-1363,Supplier C,16ga Steel,2024-03-15,Conditional,2031,1.456
LOT-1364,LOT-1364,Supplier B,12ga Steel,2024-03-23,Certified,3067,2.092
LOT-1365,LOT-1365,Supplier B,"3/8"" Plate",2024-03-19,Certified,2936,2.976
LOT-1366,LOT-1366,Supplier B,Aluminum 5052,2024-03-19,Certified,3558,2.357
LOT-1367,LOT-1367,Supplier B,"1/4"" Plate",2024-03-21,Certified,2021,1.788
LOT-1368,LOT-1368,Supplier B,Aluminum 5052,2024-03-20,Conditional,1649,0.965
LOT-1369,LOT-1369,Supplier B,Stainless 304,2024-03-28,Certified,5100,1.84
LOT-1370,LOT-1370,Supplier B,Aluminum 5052,2024-03-28,Certified,4503,0.91
LOT-1371,LOT-1371,Supplier B,Stainless 304,2024-03-29,Certified,2864,0.913
LOT-1372,LOT-1372,Supplier B,Aluminum 5052,2024-03-29,Certified,1427,2.025
LOT-1373,1373,Supplier A,"3/8"" Plate",2024-03-25,Conditional,4115,1.952
LOT-1374,LOT-1374,Supplier D,16ga Steel,2024-03-26,Certified,2938,2.856
LOT-1375,LOT-1375,Supplier A,12ga Steel,2024-03-28,Certified,1461,2.583
LOT-1376,LOT1376,Supplier A,Aluminum 5052,2024-04-06,Certified,4007,0.906
LOT-1377,LOT-1377,Supplier A,14ga Steel,2024-04-05,Conditional,3373,1.914
LOT-1378,LOT-1378,Supplier B,14ga Steel,2024-04-03,Certified,5191,1.185
LOT-1379,LOT1379,Supplier C,Aluminum 5052,2024-04-04,Conditional,985,3.179
LOT-1380,LOT-1380,Supplier C,14ga Steel,2024-04-03,Conditional,2527,2.544
LOT-1381,LOT-1381,Supplier B,"3/8"" Plate",2024-04-11,Certified,4202,0.658
LOT-1382,LOT-1382,Supplier C,Stainless 304,2024-04-10,Certified,3523,1.7
LOT-1383,LOT-1383,Supplier B,"3/8"" Plate",2024-04-13,Certified,1263,2.46
LOT-1384,LOT-1384,Supplier B,Aluminum 5052,2024-04-12,Certified,3758,1.049
LOT-1385,LOT-1385,Supplier B,14ga Steel,2024-04-12,Certified,5234,0.809
LOT-1386,LOT-1386,Supplier C,Stainless 304,2024-04-08,Certified,876,0.724
LOT-1387,LOT-1387,Supplier C,"1/4"" Plate",2024-04-09,Certified,4115,1.705
LOT-1388,LOT-1388,Supplier A,Aluminum 5052,2024-04-17,Conditional,1802,2.855
LOT-1389,LOT-1389,Supplier C,16ga Steel,2024-04-20,Conditional,1855,0.592
LOT-1390,LOT1390,Supplier B,Aluminum 5052,2024-04-20,Certified,1279,0.453
LOT-1391,LOT-1391,Supplier B,14ga Steel,2024-04-18,Certified,576,0.472
LOT-1392,LOT-1392,Supplier A,16ga Steel,2024-04-16,Missing,4413,0.645
LOT-1393,LOT-1393,Supplier B,Aluminum 5052,2024-04-17,Conditional,1623,1.502
LOT-1394,LOT-1394,Supplier C,Stainless 304,2024-04-16,Certified,1060,1.909
LOT-1395,LOT-1395,Supplier B,14ga Steel,2024-04-27,Certified,1740,2.98
LOT-1396,LOT-1396,Supplier B,"1/4"" Plate",2024-04-22,Conditional,5329,2.458
LOT-1397,LOT-1397,Supplier B,"1/4"" Plate",2024-04-22,Certified,2532,1.972
LOT-1398,LOT-1398,Supplier B,"3/8"" Plate",2024-04-22,Certified,5893,2.859
LOT-1399,LOT1399,Supplier B,"3/8"" Plate",2024-04-30,Certified,4554,1.511
LOT-1400,LOT-1400,Supplier A,Aluminum 5052,2024-04-29,Certified,3458,3.018
LOT-1401,LOT-1401,Supplier A,Stainless 304,2024-05-03,Conditional,1915,2.547
LOT-1402,LOT-1402,Supplier D,Stainless 304,2024-04-29,Certified,2647,1.043
LOT-1403,LOT1403,Supplier D,Stainless 304,2024-05-02,Certified,3969,2.38
LOT-1404,LOT-1404,Supplier B,"3/8"" Plate",2024-05-10,Certified,2164,3.129
LOT-1405,LOT-1405,Supplier A,12ga Steel,2024-05-11,Certified,5768,0.632
LOT-1406,LOT-1406,Supplier C,Aluminum 5052,2024-05-09,Missing,1450,1.697
LOT-1407,LOT-1407,Supplier B,12ga Steel,2024-05-07,Certified,1478,0.485
LOT-1408,LOT-1408,Supplier C,14ga Steel,2024-05-18,Certified,2623,0.909
LOT-1409,LOT-1409,Supplier A,Stainless 304,2024-05-13,Conditional,740,1.371
LOT-1410,LOT-1410,Supplier B,"3/8"" Plate",2024-05-17,Certified,5640,0.662
LOT-1411,LOT-1411,Supplier B,12ga Steel,2024-05-14,Certified,3512,0.883
LOT-1412,LOT1412,Supplier C,"3/8"" Plate",2024-05-13,Conditional,860,2.811
LOT-1413,LOT-1413,Supplier A,"1/4"" Plate",2024-05-21,Certified,789,1.97
LOT-1414,LOT-1414,Supplier D,Aluminum 5052,2024-05-25,Certified,3120,1.196
LOT-1415,LOT-1415,Supplier A,12ga Steel,2024-05-20,Certified,1969,1.064
LOT-1416,LOT-1416,Supplier B,16ga Steel,2024-05-22,Missing,3045,1.35
LOT-1417,LOT-1417,Supplier B,12ga Steel,2024-05-29,Certified,5601,1.117
LOT-1418,LOT-1418,Supplier B,"1/4"" Plate",2024-06-01,Missing,4977,2.541
LOT-1419,LOT-1419,Supplier A,16ga Steel,2024-06-01,Conditional,578,3.065
LOT-1420,LOT-1420,Supplier A,Aluminum 5052,2024-05-29,Certified,1351,1.014
LOT-1421,L-1421,Supplier D,"1/4"" Plate",2024-06-01,Certified,2792,0.706
LOT-1422,LOT-1422,Supplier D,Stainless 304,2024-05-29,Certified,4255,3.13
LOT-1423,LOT-1423,Supplier A,16ga Steel,2024-05-30,Certified,1113,2.078
LOT-1424,LOT-1424,Supplier A,Aluminum 5052,2024-05-29,Missing,3719,2.377
LOT-1425,LOT-1425,Supplier A,12ga Steel,2024-06-04,Certified,5289,0.75
LOT-1426,LOT-1426,Supplier A,"1/4"" Plate",2024-06-07,Certified,3435,3.103
LOT-1427,LOT-1427,Supplier A,12ga Steel,2024-06-03,Certified,1791,2.671
LOT-1428,1428,Supplier A,Aluminum 5052,2024-06-05,Certified,1715,0.701
LOT-1429,LOT-1429,Supplier A,12ga Steel,2024-06-04,Certified,754,3.068
LOT-1430,LOT-1430,Supplier C,"3/8"" Plate",2024-06-04,Conditional,1494,0.483
LOT-1431,LOT-1431,Supplier A,Stainless 304,2024-06-15,Certified,1188,2.051
LOT-1432,LOT-1432,Supplier A,Stainless 304,2024-06-11,Certified,5791,1.669
LOT-1433,LOT-1433,Supplier A,Stainless 304,2024-06-13,Conditional,914,0.912
LOT-1434,LOT-1434,Supplier B,Stainless 304,2024-06-13,Certified,3995,0.925
LOT-1435,LOT-1435,Supplier A,14ga Steel,2024-06-11,Certified,783,2.139
LOT-1436,LOT-1436,Supplier A,12ga Steel,2024-06-20,Certified,999,0.691
LOT-1437,LOT-1437,Supplier B,"1/4"" Plate",2024-06-21,Certified,2541,2.185
LOT-1438,LOT1438,Supplier C,Stainless 304,2024-06-20,Certified,4960,2.599
LOT-1439,LOT-1439,Supplier A,"3/8"" Plate",2024-06-19,Certified,5391,1.052
LOT-1440,LOT-1440,Supplier C,Stainless 304,2024-06-20,Certified,4837,1.433
LOT-1441,LOT1441,Supplier B,14ga Steel,2024-06-19,Missing,4871,2.695
LOT-1442,LOT-1442,Supplier D,16ga Steel,2024-06-21,Certified,3681,1.426
LOT-1443,LOT-1443,Supplier C,Stainless 304,2024-06-22,Certified,3439,2.963
LOT-1444,LOT-1444,Supplier C,12ga Steel,2024-06-28,Missing,2042,2.751
LOT-1445,LOT-1445,Supplier C,"1/4"" Plate",2024-06-24,Certified,2405,2.105
LOT-1446,LOT-1446,Supplier A,"1/4"" Plate",2024-06-25,Certified,1568,1.387
LOT-1447,LOT-1447,Supplier A,Stainless 304,2024-06-28,Conditional,1660,2.58
LOT-1448,LOT-1448,Supplier C,16ga Steel,2024-07-04,Certified,5300,0.728
LOT-1449,LOT-1449,Supplier A,14ga Steel,2024-07-04,Missing,5736,3.092
LOT-1450,LOT-1450,Supplier B,14ga Steel,2024-07-05,Certified,3423,1.064
LOT-1451,LOT-1451,Supplier B,14ga Steel,2024-07-03,Certified,1543,0.939
LOT-1452,L-1452,Supplier A,Aluminum 5052,2024-07-05,Missing,765,0.951
LOT-1453,LOT-1453,Supplier A,Stainless 304,2024-07-04,Missing,1652,1.361
LOT-1454,1454,Supplier A,12ga Steel,2024-07-01,Missing,5988,2.208
LOT-1455,LOT1455,Supplier C,"1/4"" Plate",2024-07-03,Certified,2602,2.614
LOT-1456,LOT-1456,Supplier A,"1/4"" Plate",2024-07-11,Certified,4539,2.875
LOT-1457,LOT-1457,Supplier B,"1/4"" Plate",2024-07-12,Certified,5832,2.535
LOT-1458,LOT-1458,Supplier A,"1/4"" Plate",2024-07-10,Certified,664,1.326
LOT-1459,LOT-1459,Supplier D,16ga Steel,2024-07-09,Certified,1114,1.954
LOT-1460,LOT-1460,Supplier A,"3/8"" Plate",2024-07-18,Conditional,5854,0.904
LOT-1461,L-1461,Supplier C,14ga Steel,2024-07-18,Certified,5039,2.436
LOT-1462,LOT-1462,Supplier C,12ga Steel,2024-07-18,Conditional,5183,1.962
LOT-1463,LOT-1463,Supplier B,16ga Steel,2024-07-17,Certified,5923,2.169
LOT-1464,LOT-1464,Supplier A,16ga Steel,2024-07-22,Certified,4379,2.77
LOT-1465,LOT-1465,Supplier A,"1/4"" Plate",2024-07-24,Certified,1246,2.215
LOT-1466,LOT-1466,Supplier B,12ga Steel,2024-07-24,Conditional,4102,1.729
LOT-1467,LOT1467,Supplier A,12ga Steel,2024-07-22,Certified,1202,2.287
LOT-1468,LOT-1468,Supplier C,"1/4"" Plate",2024-07-26,Missing,999,2.762
LOT-1469,LOT-1469,Supplier C,"1/4"" Plate",2024-07-25,Missing,5191,2.875
LOT-1470,LOT-1470,Supplier B,16ga Steel,2024-07-22,Certified,4613,2.021
LOT-1471,1471,Supplier C,Aluminum 5052,2024-08-01,Missing,1916,3.06
LOT-1472,LOT-1472,Supplier A,14ga Steel,2024-08-03,Conditional,4066,1.005
LOT-1473,1473,Supplier C,14ga Steel,2024-07-29,Conditional,1212,1.517
LOT-1474,LOT-1474,Supplier B,12ga Steel,2024-07-29,Conditional,5604,2.066
LOT-1475,LOT-1475,Supplier C,16ga Steel,2024-07-29,Certified,1365,1.997
LOT-1476,LOT-1476,Supplier A,12ga Steel,2024-08-01,Conditional,2663,1.503
LOT-1477,LOT-1477,Supplier B,"3/8"" Plate",2024-08-02,Certified,5486,2.322
LOT-1478,LOT-1478,Supplier B,"1/4"" Plate",2024-08-03,Conditional,4392,2.982
LOT-1479,1479,Supplier A,Stainless 304,2024-08-10,Certified,1304,3.124
LOT-1480,LOT-1480,Supplier A,12ga Steel,2024-08-07,Missing,2707,2.454
LOT-1481,1481,Supplier B,16ga Steel,2024-08-10,Certified,4468,2.539
LOT-1482,LOT-1482,Supplier C,Stainless 304,2024-08-05,Certified,3048,2.401
LOT-1483,LOT-1483,Supplier B,Stainless 304,2024-08-05,Conditional,1923,0.98
LOT-1484,LOT-1484,Supplier C,Stainless 304,2024-08-07,Certified,2131,1.203
LOT-1485,LOT-1485,Supplier B,Aluminum 5052,2024-08-13,Conditional,3551,1.794
LOT-1486,LOT-1486,Supplier B,Stainless 304,2024-08-14,Certified,1839,2.754
LOT-1487,LOT-1487,Supplier A,Stainless 304,2024-08-13,Certified,5187,2.595
LOT-1488,LOT-1488,Supplier A,14ga Steel,2024-08-14,Certified,5837,1.576
LOT-1489,LOT-1489,Supplier A,Stainless 304,2024-08-15,Missing,1583,2.23
LOT-1490,LOT-1490,Supplier B,16ga Steel,2024-08-14,Certified,5765,1.207
LOT-1491,LOT-1491,Supplier C,Stainless 304,2024-08-17,Certified,4765,2.717
LOT-1492,LOT-1492,Supplier B,16ga Steel,2024-08-21,Certified,5099,2.23
LOT-1493,LOT-1493,Supplier B,12ga Steel,2024-08-21,Certified,2764,2.212
LOT-1494,LOT-1494,Supplier C,12ga Steel,2024-08-24,Conditional,2947,0.968
LOT-1495,LOT-1495,Supplier B,14ga Steel,2024-08-23,Conditional,3810,2.266
LOT-1496,LOT-1496,Supplier C,Aluminum 5052,2024-08-21,Certified,2625,2.944
LOT-1497,LOT-1497,Supplier B,Aluminum 5052,2024-08-23,Certified,2055,1.394
LOT-1498,LOT-1498,Supplier C,Aluminum 5052,2024-08-24,Certified,3436,1.845
LOT-1499,LOT-1499,Supplier C,"3/8"" Plate",2024-08-28,Certified,5079,2.548
LOT-1500,LOT-1500,Supplier A,Aluminum 5052,2024-08-27,Conditional,3410,1.064
LOT-1501,LOT-1501,Supplier C,"1/4"" Plate",2024-08-28,Conditional,4299,2.791
LOT-1502,LOT-1502,Supplier B,Stainless 304,2024-08-30,Certified,1083,1.749
LOT-1503,LOT-1503,Supplier A,16ga Steel,2024-08-26,Conditional,1735,0.828
LOT-1504,LOT-1504,Supplier A,"3/8"" Plate",2024-09-03,Conditional,3091,2.822
LOT-1505,LOT-1505,Supplier A,16ga Steel,2024-09-03,Certified,3067,2.195
LOT-1506,LOT-1506,Supplier A,12ga Steel,2024-09-06,Certified,1797,1.796
LOT-1507,LOT-1507,Supplier C,16ga Steel,2024-09-05,Certified,3804,1.63
LOT-1508,LOT-1508,Supplier B,16ga Steel,2024-09-02,Certified,3139,2.531
LOT-1509,LOT-1509,Supplier A,Aluminum 5052,2024-09-10,Certified,3320,1.308
LOT-1510,1510,Supplier A,"3/8"" Plate",2024-09-11,Certified,2882,1.704
LOT-1511,LOT-1511,Supplier B,"3/8"" Plate",2024-09-10,Certified,3307,3.189
LOT-1512,LOT-1512,Supplier B,Stainless 304,2024-09-12,Certified,656,1.078
LOT-1513,LOT-1513,Supplier C,14ga Steel,2024-09-09,Certified,3503,2.406
LOT-1514,LOT-1514,Supplier C,"1/4"" Plate",2024-09-09,Missing,5365,3.185
LOT-1515,LOT-1515,Supplier C,Aluminum 5052,2024-09-12,Conditional,3615,0.79
LOT-1516,LOT-1516,Supplier A,Aluminum 5052,2024-09-14,Certified,576,1.278
LOT-1517,LOT-1517,Supplier C,12ga Steel,2024-09-19,Conditional,1359,1.857
LOT-1518,LOT-1518,Supplier B,12ga Steel,2024-09-17,Certified,2654,2.737
LOT-1519,LOT-1519,Supplier D,12ga Steel,2024-09-19,Certified,2201,2.343
LOT-1520,LOT-1520,Supplier B,14ga Steel,2024-09-16,Certified,5203,2.29
LOT-1521,LOT-1521,Supplier D,Stainless 304,2024-09-23,Certified,2596,2.222
LOT-1522,1522,Supplier B,12ga Steel,2024-09-23,Certified,2880,1.441
LOT-1523,LOT1523,Supplier C,"1/4"" Plate",2024-09-23,Conditional,579,2.793
LOT-1524,LOT-1524,Supplier C,14ga Steel,2024-09-27,Certified,2697,2.866
LOT-1525,LOT-1525,Supplier A,Stainless 304,2024-09-26,Certified,2726,2.748
LOT-1526,LOT-1526,Supplier C,Aluminum 5052,2024-10-05,Missing,980,3.149
LOT-1527,LOT-1527,Supplier C,16ga Steel,2024-10-04,Certified,4089,0.948
LOT-1528,LOT-1528,Supplier B,12ga Steel,2024-10-05,Certified,1570,1.778
LOT-1529,LOT1529,Supplier B,"1/4"" Plate",2024-09-30,Certified,4799,2.561
LOT-1530,LOT-1530,Supplier B,"3/8"" Plate",2024-10-02,Certified,4752,1.889
LOT-1531,LOT-1531,Supplier C,16ga Steel,2024-10-03,Certified,3332,2.275
LOT-1532,LOT-1532,Supplier B,14ga Steel,2024-10-04,Conditional,947,0.482
LOT-1533,LOT-1533,Supplier B,"1/4"" Plate",2024-10-07,Conditional,4527,1.332
LOT-1534,LOT1534,Supplier A,12ga Steel,2024-10-10,Certified,2425,0.667
LOT-1535,LOT-1535,Supplier B,"3/8"" Plate",2024-10-10,Certified,3089,0.776
LOT-1536,LOT-1536,Supplier B,Aluminum 5052,2024-10-07,Certified,5064,1.96
LOT-1537,LOT-1537,Supplier C,Stainless 304,2024-10-09,Conditional,4664,1.996
LOT-1538,LOT-1538,Supplier D,12ga Steel,2024-10-17,Conditional,3219,1.99
LOT-1539,LOT-1539,Supplier B,"1/4"" Plate",2024-10-14,Certified,5897,1.06
LOT-1540,LOT-1540,Supplier A,Stainless 304,2024-10-18,Certified,4776,1.478
LOT-1541,LOT-1541,Supplier A,14ga Steel,2024-10-19,Certified,3852,0.744
LOT-1542,LOT-1542,Supplier B,14ga Steel,2024-10-15,Certified,4244,2.718
LOT-1543,LOT-1543,Supplier A,12ga Steel,2024-10-19,Certified,5323,0.789
LOT-1544,LOT-1544,Supplier C,"1/4"" Plate",2024-10-15,Conditional,4586,0.462
LOT-1545,LOT-1545,Supplier B,"1/4"" Plate",2024-10-25,Conditional,1951,2.352
LOT-1546,LOT1546,Supplier A,Stainless 304,2024-10-23,Certified,4629,2.874
LOT-1547,LOT-1547,Supplier B,"3/8"" Plate",2024-10-23,Conditional,3759,3.1
LOT-1548,LOT1548,Supplier D,"1/4"" Plate",2024-10-26,Conditional,4696,1.272
LOT-1549,LOT-1549,Supplier C,Aluminum 5052,2024-10-29,Conditional,2145,1.027
LOT-1550,LOT-1550,Supplier C,Aluminum 5052,2024-11-02,Certified,5825,3.132
LOT-1551,LOT-1551,Supplier A,"3/8"" Plate",2024-10-30,Certified,5106,1.771
LOT-1552,LOT-1552,Supplier B,Aluminum 5052,2024-11-01,Certified,2842,2.863
LOT-1553,LOT-1553,Supplier B,16ga Steel,2024-11-02,Certified,963,1.0
LOT-1554,LOT-1554,Supplier C,14ga Steel,2024-10-29,Missing,1008,2.349
LOT-1555,LOT-1555,Supplier A,Stainless 304,2024-11-01,Certified,5102,2.828
LOT-1556,LOT-1556,Supplier C,"3/8"" Plate",2024-11-02,Certified,2856,2.356
LOT-1557,LOT-1557,Supplier D,"1/4"" Plate",2024-11-09,Certified,3061,3.106
LOT-1558,LOT-1558,Supplier A,Aluminum 5052,2024-11-07,Certified,2347,2.957
LOT-1559,LOT-1559,Supplier C,Aluminum 5052,2024-11-09,Certified,5442,0.99
LOT-1560,LOT1560,Supplier C,14ga Steel,2024-11-05,Certified,1923,2.471
LOT-1561,LOT-1561,Supplier B,"1/4"" Plate",2024-11-13,Certified,546,1.359
LOT-1562,LOT-1562,Supplier C,14ga Steel,2024-11-15,Certified,916,2.578
LOT-1563,LOT-1563,Supplier B,Stainless 304,2024-11-15,Certified,5006,1.435
LOT-1564,LOT-1564,Supplier C,12ga Steel,2024-11-15,Certified,1058,2.612
LOT-1565,1565,Supplier B,"3/8"" Plate",2024-11-23,Certified,3218,1.36
LOT-1566,LOT-1566,Supplier A,Stainless 304,2024-11-22,Certified,5819,0.474
LOT-1567,LOT-1567,Supplier C,"1/4"" Plate",2024-11-22,Certified,2497,3.087
LOT-1568,LOT-1568,Supplier C,12ga Steel,2024-11-18,Certified,3661,1.156
LOT-1569,LOT-1569,Supplier C,16ga Steel,2024-11-20,Missing,4713,2.658
LOT-1570,LOT-1570,Supplier B,12ga Steel,2024-11-25,Conditional,1871,3.122
LOT-1571,LOT1571,Supplier C,"3/8"" Plate",2024-11-26,Certified,3975,2.748
LOT-1572,LOT-1572,Supplier A,Stainless 304,2024-11-28,Certified,5796,2.696
LOT-1573,LOT-1573,Supplier A,Aluminum 5052,2024-11-27,Certified,810,0.691
LOT-1574,1574,Supplier A,Stainless 304,2024-11-27,Certified,3839,1.517
LOT-1575,LOT-1575,Supplier B,"1/4"" Plate",2024-11-25,Certified,5754,2.431
LOT-1576,LOT-1576,Supplier A,Aluminum 5052,2024-11-25,Certified,3430,3.002
LOT-1577,LOT1577,Supplier A,Aluminum 5052,2024-12-05,Certified,3624,1.537
LOT-1578,LOT1578,Supplier C,"1/4"" Plate",2024-12-06,Certified,2916,3.09
LOT-1579,LOT-1579,Supplier A,Aluminum 5052,2024-12-07,Conditional,5807,1.476
LOT-1580,LOT-1580,Supplier D,"3/8"" Plate",2024-12-06,Conditional,5387,1.534
LOT-1581,LOT-1581,Supplier D,12ga Steel,2024-12-14,Certified,3316,1.032
LOT-1582,LOT-1582,Supplier D,Stainless 304,2024-12-11,Certified,2091,0.765
LOT-1583,LOT-1583,Supplier C,"3/8"" Plate",2024-12-13,Missing,4278,2.223
LOT-1584,LOT1584,Supplier A,Aluminum 5052,2024-12-12,Certified,3210,1.432
LOT-1585,LOT-1585,Supplier C,14ga Steel,2024-12-10,Certified,3103,1.786
LOT-1586,LOT-1586,Supplier A,Aluminum 5052,2024-12-13,Certified,5143,1.452
LOT-1587,LOT1587,Supplier A,"1/4"" Plate",2024-12-14,Certified,5749,1.649
LOT-1588,LOT-1588,Supplier C,14ga Steel,2024-12-12,Conditional,3438,2.581
LOT-1589,LOT-1589,Supplier B,14ga Steel,2024-12-17,Certified,4912,0.99
LOT-1590,LOT-1590,Supplier C,Aluminum 5052,2024-12-20,Certified,5674,0.536
LOT-1591,LOT-1591,Supplier B,"1/4"" Plate",2024-12-18,Certified,4952,2.908
LOT-1592,LOT-1592,Supplier B,Aluminum 5052,2024-12-20,Certified,2883,0.818
LOT-1593,LOT-1593,Supplier B,16ga Steel,2024-12-21,Certified,2456,2.782
LOT-1594,LOT-1594,Supplier C,"3/8"" Plate",2024-12-17,Conditional,4155,0.888
LOT-1595,LOT-1595,Supplier B,"3/8"" Plate",2024-12-21,Certified,4460,3.033
LOT-1596,LOT-1596,Supplier A,"1/4"" Plate",2024-12-28,Certified,2193,1.874
LOT-1597,LOT-1597,Supplier C,"1/4"" Plate",2024-12-23,Certified,826,3.147
LOT-1598,LOT-1598,Supplier A,Aluminum 5052,2024-12-25,Missing,2657,2.041
LOT-1599,LOT1599,Supplier B,"1/4"" Plate",2024-12-23,Certified,4732,1.142
LOT-1600,LOT1600,Supplier B,12ga Steel,2025-01-03,Conditional,554,1.83
LOT-1601,LOT-1601,Supplier A,14ga Steel,2025-01-01,Certified,2232,0.863
LOT-1602,LOT-1602,Supplier A,"3/8"" Plate",2025-01-01,Certified,1428,1.774
LOT-1603,LOT-1603,Supplier B,14ga Steel,2025-01-02,Certified,683,1.12
LOT-1604,LOT-1604,Supplier A,"3/8"" Plate",2024-12-30,Certified,5188,0.854
LOT-1605,LOT-1605,Supplier A,14ga Steel,2025-01-10,Certified,5723,0.501
LOT-1606,LOT-1606,Supplier C,Aluminum 5052,2025-01-07,Conditional,4179,2.118
LOT-1607,LOT-1607,Supplier B,"1/4"" Plate",2025-01-10,Certified,1669,2.635
LOT-1608,LOT-1608,Supplier C,14ga Steel,2025-01-07,Conditional,3307,2.986
LOT-1609,LOT-1609,Supplier B,16ga Steel,2025-01-07,Certified,4782,2.814
LOT-1610,LOT-1610,Supplier C,Stainless 304,2025-01-17,Certified,5413,0.557
LOT-1611,LOT1611,Supplier C,"3/8"" Plate",2025-01-17,Conditional,4917,2.726
LOT-1612,LOT-1612,Supplier C,Stainless 304,2025-01-16,Conditional,3534,2.856
LOT-1613,LOT-1613,Supplier C,"1/4"" Plate",2025-01-16,Certified,3371,2.07
LOT-1614,LOT-1614,Supplier C,Stainless 304,2025-01-16,Conditional,1596,1.15
LOT-1615,LOT-1615,Supplier C,Stainless 304,2025-01-17,Certified,3847,1.159
LOT-1616,LOT-1616,Supplier A,Aluminum 5052,2025-01-13,Certified,4757,0.47
LOT-1617,LOT-1617,Supplier C,Aluminum 5052,2025-01-13,Conditional,1767,1.622
LOT-1618,LOT-1618,Supplier A,Stainless 304,2025-01-24,Certified,2757,3.177
LOT-1619,LOT-1619,Supplier B,14ga Steel,2025-01-23,Certified,1964,1.468
LOT-1620,LOT-1620,Supplier B,12ga Steel,2025-01-25,Missing,3761,2.473
LOT-1621,LOT1621,Supplier C,Aluminum 5052,2025-01-21,Certified,1321,1.04
LOT-1622,LOT-1622,Supplier B,12ga Steel,2025-01-25,Conditional,926,0.892
LOT-1623,LOT-1623,Supplier D,16ga Steel,2025-01-23,Conditional,5417,1.647
LOT-1624,LOT-1624,Supplier A,14ga Steel,2025-01-25,Certified,3648,3.009
LOT-1625,LOT-1625,Supplier B,Aluminum 5052,2025-01-24,Certified,970,3.051
LOT-1626,LOT-1626,Supplier B,"1/4"" Plate",2025-01-31,Certified,2842,0.986
LOT-1627,LOT-1627,Supplier C,"3/8"" Plate",2025-01-27,Certified,3446,1.108
LOT-1628,LOT-1628,Supplier A,14ga Steel,2025-02-01,Certified,3737,1.565
LOT-1629,LOT-1629,Supplier A,16ga Steel,2025-01-29,Certified,5080,2.966
LOT-1630,LOT-1630,Supplier A,Stainless 304,2025-01-28,Certified,4225,3.007
LOT-1631,LOT-1631,Supplier A,14ga Steel,2025-02-05,Certified,3285,3.054
LOT-1632,LOT-1632,Supplier C,12ga Steel,2025-02-07,Missing,2549,2.359
LOT-1633,LOT-1633,Supplier D,"3/8"" Plate",2025-02-06,Certified,4274,2.915
LOT-1634,LOT1634,Supplier C,"1/4"" Plate",2025-02-04,Certified,2383,2.65
LOT-1635,1635,Supplier B,12ga Steel,2025-02-04,Certified,2853,0.706
LOT-1636,LOT-1636,Supplier C,Stainless 304,2025-02-04,Certified,4403,1.313
LOT-1637,LOT-1637,Supplier A,"3/8"" Plate",2025-02-08,Certified,2057,1.822
LOT-1638,LOT-1638,Supplier A,Aluminum 5052,2025-02-04,Certified,5567,1.429
LOT-1639,LOT-1639,Supplier A,16ga Steel,2025-02-14,Certified,554,2.552
LOT-1640,LOT-1640,Supplier B,16ga Steel,2025-02-14,Conditional,2750,1.8
LOT-1641,LOT-1641,Supplier D,"3/8"" Plate",2025-02-10,Certified,4806,2.648
LOT-1642,1642,Supplier B,"3/8"" Plate",2025-02-11,Certified,4245,3.135
LOT-1643,LOT-1643,Supplier B,Aluminum 5052,2025-02-20,Certified,5259,0.727
LOT-1644,LOT-1644,Supplier B,Stainless 304,2025-02-18,Certified,2706,1.746
LOT-1645,LOT-1645,Supplier B,12ga Steel,2025-02-20,Certified,3549,1.454
LOT-1646,LOT-1646,Supplier B,"1/4"" Plate",2025-02-18,Certified,1318,2.432
LOT-1647,LOT-1647,Supplier C,"3/8"" Plate",2025-02-22,Certified,1725,1.751
LOT-1648,LOT-1648,Supplier A,"1/4"" Plate",2025-02-22,Certified,4735,1.918
LOT-1649,LOT-1649,Supplier A,"1/4"" Plate",2025-02-21,Certified,890,1.546
LOT-1650,1650,Supplier C,16ga Steel,2025-02-17,Certified,4185,2.498
LOT-1651,LOT-1651,Supplier B,"3/8"" Plate",2025-02-26,Certified,662,1.582
LOT-1652,LOT-1652,Supplier B,Aluminum 5052,2025-03-01,Missing,4910,0.93
LOT-1653,LOT-1653,Supplier C,12ga Steel,2025-03-01,Certified,4161,2.896
LOT-1654,LOT-1654,Supplier B,12ga Steel,2025-02-25,Certified,5747,2.671
LOT-1655,LOT-1655,Supplier A,Aluminum 5052,2025-02-24,Certified,1148,0.895
LOT-1656,LOT-1656,Supplier A,12ga Steel,2025-02-28,Certified,5780,1.538
LOT-1657,LOT-1657,Supplier C,12ga Steel,2025-03-06,Conditional,3891,0.91
LOT-1658,LOT-1658,Supplier C,14ga Steel,2025-03-08,Conditional,1155,1.029
LOT-1659,LOT-1659,Supplier B,16ga Steel,2025-03-07,Certified,940,0.523
LOT-1660,LOT1660,Supplier B,Stainless 304,2025-03-03,Missing,5864,3.012
LOT-1661,LOT1661,Supplier B,14ga Steel,2025-03-04,Certified,4815,2.756
LOT-1662,LOT-1662,Supplier A,Aluminum 5052,2025-03-06,Certified,4327,3.131
LOT-1663,1663,Supplier B,12ga Steel,2025-03-07,Certified,1950,2.075
LOT-1664,LOT-1664,Supplier B,Aluminum 5052,2025-03-15,Conditional,5739,1.918
LOT-1665,LOT-1665,Supplier D,"1/4"" Plate",2025-03-13,Certified,3022,1.456
LOT-1666,LOT-1666,Supplier A,12ga Steel,2025-03-11,Certified,3317,1.239
LOT-1667,LOT-1667,Supplier B,Aluminum 5052,2025-03-13,Conditional,2954,0.475
LOT-1668,LOT-1668,Supplier B,12ga Steel,2025-03-14,Certified,3560,0.969
LOT-1669,LOT1669,Supplier C,"1/4"" Plate",2025-03-13,Certified,3599,1.057
LOT-1670,LOT-1670,Supplier A,Aluminum 5052,2025-03-14,Certified,2727,1.233
LOT-1671,LOT-1671,Supplier C,"1/4"" Plate",2025-03-17,Certified,5717,1.702
LOT-1672,LOT-1672,Supplier B,Aluminum 5052,2025-03-17,Certified,4882,0.511
LOT-1673,LOT-1673,Supplier D,12ga Steel,2025-03-22,Certified,567,1.09
LOT-1674,LOT-1674,Supplier A,"1/4"" Plate",2025-03-20,Certified,3542,1.725
LOT-1675,LOT-1675,Supplier C,12ga Steel,2025-03-18,Certified,959,1.183
LOT-1676,1676,Supplier B,"3/8"" Plate",2025-03-20,Certified,603,0.785
LOT-1677,LOT-1677,Supplier C,14ga Steel,2025-03-18,Certified,774,0.998
LOT-1678,LOT-1678,Supplier C,16ga Steel,2025-03-20,Certified,3687,2.324
LOT-1679,1679,Supplier D,14ga Steel,2025-03-28,Certified,1500,1.147
LOT-1680,LOT1680,Supplier B,14ga Steel,2025-03-24,Certified,2433,2.19
LOT-1681,LOT-1681,Supplier A,14ga Steel,2025-03-27,Certified,2491,0.475
LOT-1682,LOT-1682,Supplier A,Stainless 304,2025-03-25,Certified,3542,2.57
LOT-1683,LOT-1683,Supplier A,"1/4"" Plate",2025-03-29,Certified,991,0.614
LOT-1684,LOT-1684,Supplier B,Aluminum 5052,2025-03-26,Certified,5074,2.619
LOT-1685,LOT-1685,Supplier C,"1/4"" Plate",2025-04-05,Conditional,1603,1.139
LOT-1686,LOT1686,Supplier A,Aluminum 5052,2025-04-01,Certified,5142,0.963
LOT-1687,LOT-1687,Supplier A,Aluminum 5052,2025-04-04,Certified,5042,0.891
LOT-1688,LOT-1688,Supplier B,"1/4"" Plate",2025-03-31,Certified,5726,1.841
LOT-1689,LOT1689,Supplier C,16ga Steel,2025-04-02,Conditional,1018,2.26
LOT-1690,LOT-1690,Supplier B,"1/4"" Plate",2025-04-04,Certified,1762,2.136
LOT-1691,LOT-1691,Supplier B,12ga Steel,2025-04-07,Certified,858,2.747
LOT-1692,LOT-1692,Supplier A,Stainless 304,2025-04-07,Certified,5177,2.215
LOT-1693,LOT-1693,Supplier B,"1/4"" Plate",2025-04-09,Certified,902,1.457
LOT-1694,LOT-1694,Supplier B,16ga Steel,2025-04-12,Certified,4525,3.003
LOT-1695,LOT-1695,Supplier C,"1/4"" Plate",2025-04-10,Conditional,3523,2.634
LOT-1696,LOT-1696,Supplier A,"3/8"" Plate",2025-04-09,Certified,1138,3.048
LOT-1697,LOT-1697,Supplier A,Aluminum 5052,2025-04-19,Certified,2537,2.018
LOT-1698,LOT-1698,Supplier D,"3/8"" Plate",2025-04-14,Certified,5731,2.036
LOT-1699,LOT-1699,Supplier C,Aluminum 5052,2025-04-15,Conditional,1977,1.962
LOT-1700,LOT-1700,Supplier B,Aluminum 5052,2025-04-17,Certified,3386,2.932
LOT-1701,LOT-1701,Supplier B,12ga Steel,2025-04-19,Conditional,4027,2.722
LOT-1702,LOT1702,Supplier A,14ga Steel,2025-04-19,Certified,2581,1.44
LOT-1703,LOT-1703,Supplier B,"1/4"" Plate",2025-04-14,Certified,4740,0.821
LOT-1704,1704,Supplier C,16ga Steel,2025-04-14,Certified,2760,2.978
LOT-1705,LOT-1705,Supplier B,"3/8"" Plate",2025-04-22,Certified,2670,1.459
LOT-1706,LOT-1706,Supplier B,14ga Steel,2025-04-25,Certified,2281,2.469
LOT-1707,LOT-1707,Supplier C,Stainless 304,2025-04-26,Certified,5220,2.704
LOT-1708,LOT-1708,Supplier A,Aluminum 5052,2025-04-25,Certified,3625,0.666
LOT-1709,LOT-1709,Supplier A,Stainless 304,2025-04-24,Certified,3912,3.008
LOT-1710,LOT-1710,Supplier A,Stainless 304,2025-04-25,Certified,593,2.193
LOT-1711,LOT-1711,Supplier B,16ga Steel,2025-04-22,Certified,3177,1.832
LOT-1712,LOT-1712,Supplier A,16ga Steel,2025-04-24,Certified,5375,2.032
LOT-1713,LOT-1713,Supplier A,12ga Steel,2025-05-01,Certified,5181,2.5
LOT-1714,LOT-1714,Supplier B,12ga Steel,2025-05-03,Certified,1568,2.546
LOT-1715,LOT-1715,Supplier B,14ga Steel,2025-04-29,Certified,5097,2.144
LOT-1716,LOT-1716,Supplier C,14ga Steel,2025-05-03,Certified,5218,0.696
LOT-1717,LOT1717,Supplier B,12ga Steel,2025-05-07,Certified,1886,3.166
LOT-1718,LOT-1718,Supplier B,Stainless 304,2025-05-06,Certified,2135,2.335
LOT-1719,LOT-1719,Supplier A,Aluminum 5052,2025-05-09,Conditional,1709,2.839
LOT-1720,LOT-1720,Supplier C,16ga Steel,2025-05-07,Certified,4186,1.746
LOT-1721,LOT-1721,Supplier A,Aluminum 5052,2025-05-07,Certified,4995,1.778
LOT-1722,LOT-1722,Supplier C,14ga Steel,2025-05-08,Conditional,5275,2.942
LOT-1723,LOT1723,Supplier B,12ga Steel,2025-05-09,Certified,2722,0.596
LOT-1724,LOT-1724,Supplier A,Aluminum 5052,2025-05-17,Certified,3450,2.827
LOT-1725,L-1725,Supplier A,Stainless 304,2025-05-16,Conditional,1315,2.936
LOT-1726,LOT-1726,Supplier B,"3/8"" Plate",2025-05-15,Certified,5093,2.997
LOT-1727,LOT-1727,Supplier A,14ga Steel,2025-05-17,Conditional,1786,0.501
LOT-1728,LOT-1728,Supplier B,12ga Steel,2025-05-23,Certified,2759,2.683
LOT-1729,LOT-1729,Supplier B,"1/4"" Plate",2025-05-19,Conditional,5046,3.06
LOT-1730,LOT-1730,Supplier A,12ga Steel,2025-05-19,Conditional,3631,1.882
LOT-1731,LOT-1731,Supplier C,Stainless 304,2025-05-20,Conditional,3993,3.119
LOT-1732,LOT1732,Supplier D,12ga Steel,2025-05-23,Certified,4934,2.331
LOT-1733,LOT-1733,Supplier A,14ga Steel,2025-05-23,Certified,1607,1.633
LOT-1734,LOT-1734,Supplier C,"3/8"" Plate",2025-05-31,Missing,1469,0.956
LOT-1735,LOT-1735,Supplier C,14ga Steel,2025-05-29,Conditional,3868,1.284
LOT-1736,LOT-1736,Supplier C,Stainless 304,2025-05-28,Missing,1744,2.593
LOT-1737,LOT-1737,Supplier A,14ga Steel,2025-05-30,Certified,2686,2.115
LOT-1738,LOT-1738,Supplier B,"3/8"" Plate",2025-05-28,Certified,1151,2.342
LOT-1739,LOT-1739,Supplier A,Stainless 304,2025-06-04,Certified,2007,2.793
LOT-1740,LOT-1740,Supplier B,14ga Steel,2025-06-02,Certified,2710,3.063
LOT-1741,LOT-1741,Supplier A,Aluminum 5052,2025-06-02,Missing,1950,3.0
LOT-1742,LOT-1742,Supplier D,Stainless 304,2025-06-05,Certified,2521,1.626
LOT-1743,LOT-1743,Supplier C,"3/8"" Plate",2025-06-06,Conditional,5185,2.083
LOT-1744,LOT-1744,Supplier B,Aluminum 5052,2025-06-05,Certified,4242,2.724
LOT-1745,LOT1745,Supplier A,14ga Steel,2025-06-06,Certified,3673,1.869
LOT-1746,1746,Supplier A,"1/4"" Plate",2025-06-12,Certified,1863,1.612
LOT-1747,LOT-1747,Supplier B,16ga Steel,2025-06-12,Certified,5792,1.692
LOT-1748,LOT-1748,Supplier C,16ga Steel,2025-06-14,Certified,4976,0.822
LOT-1749,LOT-1749,Supplier B,"1/4"" Plate",2025-06-14,Certified,2154,2.877
LOT-1750,LOT-1750,Supplier A,Aluminum 5052,2025-06-17,Certified,1512,0.701
LOT-1751,LOT-1751,Supplier C,Aluminum 5052,2025-06-19,Certified,4691,2.133
LOT-1752,LOT-1752,Supplier A,"3/8"" Plate",2025-06-18,Certified,5132,2.846
LOT-1753,LOT1753,Supplier C,14ga Steel,2025-06-19,Missing,3023,1.301
LOT-1754,LOT-1754,Supplier A,14ga Steel,2025-06-27,Certified,2573,0.484
LOT-1755,1755,Supplier B,"1/4"" Plate",2025-06-24,Certified,2276,2.069
LOT-1756,LOT-1756,Supplier B,"1/4"" Plate",2025-06-23,Certified,2504,2.876
LOT-1757,LOT-1757,Supplier A,Aluminum 5052,2025-06-23,Certified,2014,0.858
LOT-1758,LOT-1758,Supplier C,16ga Steel,2025-06-27,Certified,2944,1.361
LOT-1759,LOT1759,Supplier A,16ga Steel,2025-06-27,Certified,5914,2.352
LOT-1760,LOT-1760,Supplier B,Stainless 304,2025-06-28,Certified,5242,1.441
LOT-1761,LOT-1761,Supplier A,12ga Steel,2025-06-30,Certified,4000,2.769
LOT-1762,LOT-1762,Supplier A,"1/4"" Plate",2025-07-02,Certified,3196,1.899
LOT-1763,LOT-1763,Supplier B,Aluminum 5052,2025-07-05,Certified,4833,3.165
LOT-1764,LOT-1764,Supplier B,Aluminum 5052,2025-07-05,Certified,2852,1.624
LOT-1765,LOT-1765,Supplier A,"3/8"" Plate",2025-07-11,Missing,4566,1.879
LOT-1766,LOT-1766,Supplier B,"1/4"" Plate",2025-07-08,Conditional,2879,3.143
LOT-1767,LOT-1767,Supplier A,16ga Steel,2025-07-12,Certified,2198,2.649
LOT-1768,1768,Supplier D,"1/4"" Plate",2025-07-08,Certified,592,2.212
LOT-1769,LOT-1769,Supplier C,12ga Steel,2025-07-09,Conditional,550,0.763
LOT-1770,LOT-1770,Supplier A,"1/4"" Plate",2025-07-07,Certified,1938,0.984
LOT-1771,LOT-1771,Supplier D,"1/4"" Plate",2025-07-19,Conditional,1612,1.774
LOT-1772,LOT1772,Supplier B,Stainless 304,2025-07-17,Certified,958,2.747
LOT-1773,LOT-1773,Supplier A,Aluminum 5052,2025-07-14,Certified,2206,2.038
LOT-1774,LOT-1774,Supplier A,Stainless 304,2025-07-16,Certified,755,1.383
LOT-1775,LOT-1775,Supplier B,"3/8"" Plate",2025-07-17,Conditional,2035,2.087
LOT-1776,LOT-1776,Supplier C,Stainless 304,2025-07-19,Certified,759,1.197
LOT-1777,LOT-1777,Supplier B,14ga Steel,2025-07-23,Certified,2270,1.894
LOT-1778,LOT-1778,Supplier A,12ga Steel,2025-07-21,Certified,4135,1.841
LOT-1779,LOT-1779,Supplier C,"3/8"" Plate",2025-07-25,Certified,3042,2.583
LOT-1780,LOT-1780,Supplier A,Stainless 304,2025-07-25,Certified,1587,1.014
LOT-1781,LOT-1781,Supplier B,Aluminum 5052,2025-07-28,Conditional,5368,2.848
LOT-1782,LOT-1782,Supplier A,16ga Steel,2025-08-02,Certified,3059,0.512
LOT-1783,LOT-1783,Supplier C,Aluminum 5052,2025-07-30,Missing,4860,1.328
LOT-1784,LOT-1784,Supplier B,16ga Steel,2025-08-01,Certified,5084,1.864
LOT-1785,LOT1785,Supplier B,"3/8"" Plate",2025-08-06,Certified,5202,1.123
LOT-1786,LOT-1786,Supplier A,"3/8"" Plate",2025-08-04,Conditional,1565,0.53
LOT-1787,LOT-1787,Supplier D,16ga Steel,2025-08-05,Certified,5383,2.901
LOT-1788,LOT-1788,Supplier B,Aluminum 5052,2025-08-06,Certified,3222,2.698
LOT-1789,1789,Supplier C,Aluminum 5052,2025-08-07,Conditional,5151,0.812
LOT-1790,LOT-1790,Supplier A,12ga Steel,2025-08-14,Certified,4354,1.087
LOT-1791,LOT-1791,Supplier A,Stainless 304,2025-08-12,Conditional,5949,1.358
LOT-1792,LOT-1792,Supplier C,12ga Steel,2025-08-13,Certified,4421,1.718
LOT-1793,LOT-1793,Supplier A,Stainless 304,2025-08-15,Certified,1343,1.566
LOT-1794,LOT-1794,Supplier C,16ga Steel,2025-08-13,Certified,4864,1.718
LOT-1795,LOT-1795,Supplier B,14ga Steel,2025-08-14,Certified,3644,0.632
LOT-1796,LOT-1796,Supplier A,Aluminum 5052,2025-08-14,Certified,5146,2.615
LOT-1797,1797,Supplier C,14ga Steel,2025-08-22,Conditional,4486,0.764
LOT-1798,LOT-1798,Supplier B,12ga Steel,2025-08-19,Certified,3023,3.079
LOT-1799,LOT-1799,Supplier A,16ga Steel,2025-08-21,Certified,3182,1.809
LOT-1800,LOT-1800,Supplier C,16ga Steel,2025-08-23,Certified,501,2.532
LOT-1801,LOT-1801,Supplier C,"1/4"" Plate",2025-08-19,Certified,2184,2.324
LOT-1802,LOT-1802,Supplier A,"3/8"" Plate",2025-08-21,Certified,3320,3.173
LOT-1803,LOT-1803,Supplier B,"3/8"" Plate",2025-08-19,Missing,2909,0.622
LOT-1804,LOT-1804,Supplier D,16ga Steel,2025-08-20,Certified,1398,2.818
LOT-1805,LOT-1805,Supplier A,Aluminum 5052,2025-08-30,Certified,3635,1.567
LOT-1806,LOT-1806,Supplier B,14ga Steel,2025-08-26,Certified,5050,1.508
LOT-1807,1807,Supplier D,Stainless 304,2025-08-26,Certified,1600,0.482
LOT-1808,LOT-1808,Supplier B,14ga Steel,2025-08-28,Certified,1612,0.683
LOT-1809,LOT-1809,Supplier C,Stainless 304,2025-09-05,Conditional,1972,1.7
LOT-1810,LOT-1810,Supplier B,Stainless 304,2025-09-05,Certified,560,2.039
LOT-1811,1811,Supplier C,14ga Steel,2025-09-05,Conditional,3506,0.542
LOT-1812,LOT-1812,Supplier A,"1/4"" Plate",2025-09-06,Certified,1155,0.841
LOT-1813,LOT-1813,Supplier C,Stainless 304,2025-09-04,Missing,4734,0.665
LOT-1814,LOT-1814,Supplier C,16ga Steel,2025-09-06,Certified,5978,0.665
LOT-1815,LOT-1815,Supplier B,Stainless 304,2025-09-03,Certified,4882,2.591
LOT-1816,LOT-1816,Supplier B,"1/4"" Plate",2025-09-10,Certified,2869,0.911
LOT-1817,LOT-1817,Supplier C,"3/8"" Plate",2025-09-12,Conditional,2633,0.619
LOT-1818,LOT-1818,Supplier B,14ga Steel,2025-09-10,Certified,5614,0.525
LOT-1819,LOT-1819,Supplier B,14ga Steel,2025-09-10,Certified,2564,0.814
LOT-1820,LOT-1820,Supplier A,Stainless 304,2025-09-12,Certified,1930,2.953
LOT-1821,LOT-1821,Supplier C,Aluminum 5052,2025-09-10,Certified,2434,1.784
LOT-1822,LOT-1822,Supplier C,Stainless 304,2025-09-09,Certified,5378,3.018
LOT-1823,LOT-1823,Supplier C,Stainless 304,2025-09-16,Missing,5912,1.661
LOT-1824,LOT-1824,Supplier B,14ga Steel,2025-09-15,Certified,5761,1.177
LOT-1825,LOT-1825,Supplier C,16ga Steel,2025-09-20,Certified,4862,1.093
LOT-1826,1826,Supplier C,"1/4"" Plate",2025-09-15,Certified,2865,3.0
LOT-1827,LOT-1827,Supplier B,Aluminum 5052,2025-09-15,Certified,1297,2.974
LOT-1828,LOT-1828,Supplier D,"1/4"" Plate",2025-09-24,Certified,3244,1.193
LOT-1829,LOT1829,Supplier C,12ga Steel,2025-09-27,Conditional,2480,2.469
LOT-1830,LOT-1830,Supplier B,14ga Steel,2025-09-23,Certified,3066,1.956
LOT-1831,LOT-1831,Supplier C,Stainless 304,2025-09-26,Certified,1351,2.335
LOT-1832,LOT-1832,Supplier B,Aluminum 5052,2025-09-22,Certified,965,3.031
LOT-1833,LOT-1833,Supplier C,Stainless 304,2025-09-22,Certified,1482,0.688
LOT-1834,LOT-1834,Supplier A,Aluminum 5052,2025-09-30,Certified,1408,2.363
LOT-1835,LOT-1835,Supplier A,"1/4"" Plate",2025-10-01,Certified,3997,2.354
LOT-1836,LOT-1836,Supplier C,Stainless 304,2025-09-29,Certified,3635,1.519
LOT-1837,LOT-1837,Supplier D,12ga Steel,2025-10-02,Missing,2143,2.128
LOT-1838,LOT-1838,Supplier A,"1/4"" Plate",2025-10-02,Certified,2289,2.138
LOT-1839,LOT-1839,Supplier A,"1/4"" Plate",2025-10-03,Certified,2552,2.587
LOT-1840,LOT-1840,Supplier A,"1/4"" Plate",2025-09-29,Certified,5944,1.524
LOT-1841,LOT-1841,Supplier A,12ga Steel,2025-10-03,Conditional,4519,1.765
LOT-1842,LOT-1842,Supplier C,Stainless 304,2025-10-09,Conditional,4449,0.783
LOT-1843,LOT-1843,Supplier B,12ga Steel,2025-10-11,Certified,1242,1.455
LOT-1844,LOT-1844,Supplier C,12ga Steel,2025-10-08,Certified,5806,1.009
LOT-1845,LOT-1845,Supplier B,"1/4"" Plate",2025-10-06,Certified,5666,2.344
LOT-1846,LOT-1846,Supplier B,Aluminum 5052,2025-10-06,Certified,5357,1.106
LOT-1847,LOT-1847,Supplier B,Stainless 304,2025-10-09,Certified,634,0.552
LOT-1848,LOT-1848,Supplier A,Stainless 304,2025-10-07,Certified,5856,2.285
LOT-1849,LOT-1849,Supplier D,Stainless 304,2025-10-13,Conditional,802,2.473
LOT-1850,LOT-1850,Supplier B,16ga Steel,2025-10-13,Certified,2488,2.379
LOT-1851,LOT-1851,Supplier A,14ga Steel,2025-10-13,Certified,4237,2.131
LOT-1852,LOT-1852,Supplier C,16ga Steel,2025-10-17,Conditional,2306,0.624
LOT-1853,LOT-1853,Supplier A,12ga Steel,2025-10-18,Conditional,3793,1.342
LOT-1854,L-1854,Supplier D,"3/8"" Plate",2025-10-14,Certified,873,2.081
LOT-1855,LOT-1855,Supplier A,16ga Steel,2025-10-14,Certified,3530,1.972
LOT-1856,1856,Supplier A,"3/8"" Plate",2025-10-24,Certified,3581,2.589
LOT-1857,1857,Supplier A,"1/4"" Plate",2025-10-25,Certified,5839,2.083
LOT-1858,LOT-1858,Supplier A,Aluminum 5052,2025-10-25,Conditional,1539,1.017
LOT-1859,LOT-1859,Supplier B,"3/8"" Plate",2025-10-25,Certified,808,2.09
LOT-1860,LOT-1860,Supplier C,"3/8"" Plate",2025-10-22,Missing,3349,1.602
LOT-1861,LOT-1861,Supplier B,14ga Steel,2025-10-20,Certified,5570,1.445
LOT-1862,LOT-1862,Supplier C,"3/8"" Plate",2025-10-25,Certified,5901,1.022
LOT-1863,LOT-1863,Supplier A,Stainless 304,2025-10-30,Certified,4575,0.935
LOT-1864,LOT-1864,Supplier C,16ga Steel,2025-10-29,Certified,3238,2.146
LOT-1865,LOT-1865,Supplier C,"1/4"" Plate",2025-10-31,Certified,1940,0.885
LOT-1866,LOT-1866,Supplier A,"3/8"" Plate",2025-11-01,Certified,4143,2.08
LOT-1867,LOT1867,Supplier B,Aluminum 5052,2025-11-05,Certified,2365,0.72
LOT-1868,LOT-1868,Supplier C,Stainless 304,2025-11-03,Certified,4358,2.059
LOT-1869,LOT-1869,Supplier A,"1/4"" Plate",2025-11-06,Certified,1958,1.515
LOT-1870,LOT-1870,Supplier A,Aluminum 5052,2025-11-05,Certified,1542,0.538
LOT-1871,LOT-1871,Supplier B,12ga Steel,2025-11-06,Certified,3926,0.921
LOT-1872,LOT-1872,Supplier A,12ga Steel,2025-11-08,Certified,5509,2.94
LOT-1873,LOT-1873,Supplier D,Stainless 304,2025-11-14,Certified,4507,2.821
LOT-1874,LOT1874,Supplier A,"1/4"" Plate",2025-11-15,Conditional,2520,1.132
LOT-1875,LOT-1875,Supplier B,14ga Steel,2025-11-11,Conditional,5199,2.92
LOT-1876,LOT-1876,Supplier B,16ga Steel,2025-11-14,Certified,775,1.621
LOT-1877,LOT-1877,Supplier B,Stainless 304,2025-11-13,Certified,4557,1.111
LOT-1878,LOT-1878,Supplier B,16ga Steel,2025-11-11,Certified,1587,1.436
LOT-1879,LOT-1879,Supplier A,16ga Steel,2025-11-11,Certified,4262,2.809
LOT-1880,LOT-1880,Supplier C,16ga Steel,2025-11-11,Missing,3820,0.959
LOT-1881,LOT-1881,Supplier B,Aluminum 5052,2025-11-17,Certified,3652,2.907
LOT-1882,LOT-1882,Supplier A,16ga Steel,2025-11-22,Certified,5517,1.942
LOT-1883,LOT-1883,Supplier C,Stainless 304,2025-11-19,Conditional,949,1.866
LOT-1884,LOT-1884,Supplier D,12ga Steel,2025-11-21,Conditional,834,1.455
LOT-1885,LOT-1885,Supplier A,"3/8"" Plate",2025-11-18,Certified,1633,3.148
LOT-1886,LOT-1886,Supplier A,16ga Steel,2025-11-21,Certified,2218,2.521
LOT-1887,LOT-1887,Supplier A,12ga Steel,2025-11-24,Certified,1019,1.475
LOT-1888,LOT1888,Supplier B,"3/8"" Plate",2025-11-29,Certified,4865,2.923
LOT-1889,LOT-1889,Supplier B,12ga Steel,2025-11-24,Certified,2042,2.903
LOT-1890,L-1890,Supplier B,16ga Steel,2025-11-24,Certified,1395,0.903
LOT-1891,LOT-1891,Supplier A,14ga Steel,2025-11-28,Certified,5638,0.512
LOT-1892,LOT-1892,Supplier D,"3/8"" Plate",2025-12-04,Conditional,4136,2.479
LOT-1893,LOT-1893,Supplier A,14ga Steel,2025-12-02,Certified,4756,2.223
LOT-1894,LOT-1894,Supplier B,12ga Steel,2025-12-04,Certified,5360,2.281
LOT-1895,LOT-1895,Supplier B,"3/8"" Plate",2025-12-03,Certified,1906,2.62
LOT-1896,LOT-1896,Supplier A,12ga Steel,2025-12-01,Missing,1715,1.421
LOT-1897,LOT-1897,Supplier B,14ga Steel,2025-12-02,Certified,1936,2.758
LOT-1898,LOT-1898,Supplier C,Aluminum 5052,2025-12-03,Conditional,5206,0.798
LOT-1899,LOT-1899,Supplier B,14ga Steel,2025-12-10,Certified,1711,1.476
LOT-1900,LOT-1900,Supplier B,14ga Steel,2025-12-11,Certified,1690,3.056
LOT-1901,LOT-1901,Supplier D,14ga Steel,2025-12-12,Certified,3213,2.23
LOT-1902,LOT-1902,Supplier A,12ga Steel,2025-12-12,Missing,5963,0.854
LOT-1903,LOT-1903,Supplier B,"1/4"" Plate",2025-12-08,Certified,1642,2.315
LOT-1904,LOT-1904,Supplier A,16ga Steel,2025-12-11,Certified,3427,0.704
LOT-1905,1905,Supplier B,14ga Steel,2025-12-17,Certified,2103,0.512
LOT-1906,LOT-1906,Supplier B,"1/4"" Plate",2025-12-19,Certified,3731,0.985
LOT-1907,LOT1907,Supplier A,"3/8"" Plate",2025-12-18,Certified,1711,2.419
LOT-1908,LOT-1908,Supplier B,"1/4"" Plate",2025-12-18,Certified,5095,0.691
LOT-1909,1909,Supplier C,"1/4"" Plate",2025-12-25,Conditional,3893,0.834
LOT-1910,L-1910,Supplier B,16ga Steel,2025-12-26,Certified,3247,0.632
LOT-1911,LOT1911,Supplier D,Stainless 304,2025-12-24,Certified,3895,0.931
LOT-1912,LOT-1912,Supplier B,"3/8"" Plate",2025-12-25,Certified,2871,1.973
LOT-1913,LOT-1913,Supplier A,Stainless 304,2025-12-25,Certified,5081,2.485
LOT-1914,L-1914,Supplier A,Stainless 304,2025-12-27,Certified,4371,0.791
LOT-1915,LOT-1915,Supplier C,12ga Steel,2025-12-27,Certified,5782,1.123
LOT-1916,LOT1916,Supplier C,"1/4"" Plate",2026-01-02,Missing,4436,2.005
LOT-1917,LOT-1917,Supplier C,Aluminum 5052,2025-12-29,Conditional,3557,1.859
LOT-1918,LOT-1918,Supplier B,Stainless 304,2025-12-30,Certified,3118,1.718
LOT-1919,LOT-1919,Supplier C,12ga Steel,2025-12-31,Certified,899,1.247
