scrap_id,work_order_id,inspection_id,scrap_date,machine_id,operator_id,shift_code,material_type,lot_id,defect_code_clean,quantity_scrapped,quantity_reworked,scrap_reason_raw,scrap_reason_clean,material_cost_per_unit,labor_cost_per_unit,total_scrap_cost
SCRAP-1,WO-10000,INSP-1,2023-01-02 15:43:45.174234607,M07,OP007,,16ga Steel,,Dimensional,0,1,First Article Fail,SETUP_ERROR,0.69,20.13,0.0
SCRAP-2,WO-10001,INSP-2,2023-01-02 08:58:55.133478901,M06,OP019,Shift A,Aluminum 5052,,Weld Defect,9,4,OPERATOR_ERROR,OPERATOR_ERROR,6.06,35.0,369.54
SCRAP-3,WO-10002,INSP-3,2023-01-02 17:59:16.221099578,M03,OP010,Shift B,Stainless 304,,Dimensional,4,9,Operator Error,OPERATOR_ERROR,2.14,32.79,139.72
SCRAP-4,WO-10003,INSP-4,2023-01-02 09:20:01.515735080,M05,OP018,Shift A,14ga Steel,LOT-1003,Porosity,16,9,Mach Issue,MACHINE_ISSUE,8.61,28.07,586.88
SCRAP-5,WO-10005,INSP-6,2023-01-02 18:25:00.019988300,M04,OP006,Shift B,"1/4"" Plate",LOT-1002,Burr,9,3,set up error,SETUP_ERROR,1.3,49.32,455.58
SCRAP-6,WO-10009,INSP-10,2023-01-03 12:25:34.201107074,M04,OP005,Shift A,"1/4"" Plate",LOT-1002,Dimensional,5,8,material defect,MATERIAL_DEFECT,5.01,46.99,260.0
SCRAP-7,WO-10010,INSP-11,2023-01-03 19:57:35.137372227,M04,OP014,Shift B,Stainless 304,,Bend Angle,11,2,human error,OPERATOR_ERROR,6.86,38.2,495.66
SCRAP-8,WO-10011,INSP-12,2023-01-03 09:43:31.058697268,M03,OP013,Shift A,14ga Steel,LOT-1003,Dimensional,13,20,Mach Issue,MACHINE_ISSUE,2.15,55.73,752.44
SCRAP-9,WO-10012,INSP-13,2023-01-03 08:37:12.996298347,M06,OP005,Shift A,16ga Steel,,Weld Defect,1,1,Machine,MACHINE_ISSUE,5.14,52.39,57.53
SCRAP-10,WO-10013,INSP-14,2023-01-03 10:38:51.685702680,M06,OP002,,16ga Steel,,Porosity,19,1,Operator,OPERATOR_ERROR,5.46,47.52,1006.62
SCRAP-11,WO-10014,INSP-15,2023-01-03 09:06:24.631176198,M05,OP018,Shift A,"3/8"" Plate",,Surface Scratch,10,4,Mat Defect,MATERIAL_DEFECT,1.26,20.29,215.5
SCRAP-12,WO-10015,INSP-16,2023-01-03 10:30:30.324042533,M02,OP013,Shift A,12ga Steel,,Dimensional,8,2,human error,OPERATOR_ERROR,3.16,41.86,360.16
SCRAP-13,WO-10016,INSP-17,2023-01-03 18:47:15.043440393,M06,OP001,,"3/8"" Plate",,Porosity,13,3,Material Defect,MATERIAL_DEFECT,5.07,14.41,253.24
SCRAP-14,WO-10017,INSP-18,2023-01-03 20:49:59.594609210,M01,OP003,Shift B,Aluminum 5052,,Incorrect Material,12,4,Material Defect,MATERIAL_DEFECT,2.52,55.9,701.04
SCRAP-15,WO-10018,INSP-19,2023-01-04 08:46:39.127427476,M01,OP018,Shift A,12ga Steel,,Burr,5,7,MACHINE_ISSUE,MACHINE_ISSUE,6.82,47.68,272.5
SCRAP-16,WO-10018,INSP-20,2023-01-04 09:22:39.127427476,M01,OP018,Shift A,12ga Steel,,Burr,11,1,Setup,SETUP_ERROR,3.51,8.64,133.65
SCRAP-17,WO-10021,INSP-23,2023-01-04 07:42:40.267973065,M02,OP004,Shift A,12ga Steel,,Dimensional,6,4,Print Rev Error,DESIGN_ISSUE,2.86,41.05,263.46
SCRAP-18,WO-10022,INSP-24,2023-01-04 11:08:23.867907775,M04,OP017,Shift A,"1/4"" Plate",LOT-1002,Bend Angle,17,8,Mach Issue,MACHINE_ISSUE,5.89,18.56,415.65
SCRAP-19,WO-10023,INSP-25,2023-01-04 10:12:35.589688595,M05,OP009,Shift A,"1/4"" Plate",LOT-1002,Porosity,0,1,Machine Issue,MACHINE_ISSUE,8.8,37.09,0.0
SCRAP-20,WO-10024,INSP-26,2023-01-04 07:30:10.279190506,M04,OP002,Shift A,Stainless 304,,Bend Angle,8,11,Machine,MACHINE_ISSUE,1.18,7.59,70.16
SCRAP-21,WO-10025,INSP-27,2023-01-04 09:08:34.369512661,M02,OP020,Shift A,16ga Steel,,Incorrect Material,10,8,bad material,MATERIAL_DEFECT,5.6,37.8,434.0
SCRAP-22,WO-10026,INSP-28,2023-01-04 17:44:12.431343604,M02,OP007,Shift B,Stainless 304,,Dimensional,16,2,UNKNOWN,UNKNOWN,4.47,58.41,1006.08
SCRAP-23,WO-10027,INSP-29,2023-01-04 09:08:57.524597224,M04,OP004,Shift A,"1/4"" Plate",LOT-1002,Dimensional,5,2,First Article Fail,SETUP_ERROR,3.22,53.66,284.4
SCRAP-24,WO-10028,INSP-30,2023-01-04 16:45:27.121366704,M06,OP016,Shift B,16ga Steel,,Surface Scratch,3,7,Incoming Defect,MATERIAL_DEFECT,2.7,13.7,49.2
SCRAP-25,WO-10029,INSP-31,2023-01-04 18:48:30.456761445,M05,OP003,Shift B,"3/8"" Plate",,Dimensional,1,2,DESIGN_ISSUE,DESIGN_ISSUE,2.48,32.53,35.01
SCRAP-26,WO-10029,INSP-32,2023-01-04 19:24:30.456761445,M05,OP003,Shift B,"3/8"" Plate",,Dimensional,2,1,Design Issue,DESIGN_ISSUE,2.74,40.14,85.76
SCRAP-27,WO-10030,INSP-33,2023-01-04 18:17:43.677030235,M05,OP008,,14ga Steel,LOT-1003,Weld Defect,8,1,OPERATOR_ERROR,OPERATOR_ERROR,2.56,57.44,480.0
SCRAP-28,WO-10032,INSP-35,2023-01-04 07:49:08.131169016,M05,OP015,Shift A,12ga Steel,,Weld Defect,2,3,Mat Defect,MATERIAL_DEFECT,4.16,11.15,30.62
SCRAP-29,WO-10033,INSP-36,2023-01-05 09:50:42.955103007,M02,OP004,Shift A,Stainless 304,,Surface Scratch,14,21,Incoming Defect,MATERIAL_DEFECT,2.31,36.2,539.14
SCRAP-30,WO-10033,INSP-37,2023-01-05 10:21:42.955103007,M02,OP004,Shift A,Stainless 304,,Surface Scratch,29,6,Material Defect,MATERIAL_DEFECT,1.02,46.83,1387.65
SCRAP-31,WO-10034,INSP-38,2023-01-05 17:17:59.696232578,M05,OP001,Shift B,Aluminum 5052,,Porosity,27,13,bad material,MATERIAL_DEFECT,7.6,14.08,585.36
SCRAP-32,WO-10034,INSP-39,2023-01-05 17:34:59.696232578,M05,OP001,Shift B,Aluminum 5052,,Porosity,32,8,Operator Error,OPERATOR_ERROR,2.09,34.66,1176.0
SCRAP-33,WO-10035,INSP-40,2023-01-05 10:57:06.668265164,M03,OP017,Shift A,Stainless 304,,Bend Angle,8,7,Setup,SETUP_ERROR,3.49,41.94,363.44
SCRAP-34,WO-10036,INSP-41,2023-01-05 11:54:06.897182450,M04,OP009,Shift A,12ga Steel,,Bend Angle,7,14,equipment failure,MACHINE_ISSUE,2.36,8.52,76.16
SCRAP-35,WO-10037,INSP-42,2023-01-05 17:50:18.243197889,M06,OP014,Shift B,Aluminum 5052,,Weld Defect,3,2,Operator Error,OPERATOR_ERROR,2.15,8.9,33.15
SCRAP-36,WO-10038,INSP-43,2023-01-05 12:15:26.880155376,M01,OP020,Shift A,Aluminum 5052,,Incorrect Material,10,5,Mat Defect,MATERIAL_DEFECT,0.74,23.17,239.1
SCRAP-37,WO-10039,INSP-44,2023-01-05 16:16:37.628015636,M04,OP001,Shift B,"3/8"" Plate",,Surface Scratch,8,1,equipment failure,MACHINE_ISSUE,2.11,12.28,115.12
SCRAP-38,WO-10040,INSP-45,2023-01-05 19:06:18.562685129,M04,OP011,Shift B,"3/8"" Plate",,Surface Scratch,19,12,MACHINE_ISSUE,MACHINE_ISSUE,2.32,31.01,633.27
SCRAP-39,WO-10041,INSP-46,2023-01-05 20:09:57.181339186,M06,OP011,Shift B,Aluminum 5052,,Dimensional,6,4,human error,OPERATOR_ERROR,3.73,28.3,192.18
SCRAP-40,WO-10042,INSP-47,2023-01-05 20:09:10.346121365,M05,OP011,Shift B,Aluminum 5052,,Porosity,11,18,human error,OPERATOR_ERROR,5.4,40.54,505.34
SCRAP-41,WO-10045,INSP-50,2023-01-06 17:13:16.912401798,M04,OP016,Shift B,"1/4"" Plate",LOT-1002,Burr,0,1,machine issue,MACHINE_ISSUE,16.5,18.68,0.0
SCRAP-42,WO-10046,INSP-51,2023-01-06 12:24:03.603485583,M07,OP005,Shift A,Stainless 304,,Surface Scratch,20,2,MATERIAL_DEFECT,MATERIAL_DEFECT,1.88,30.44,646.4
SCRAP-43,WO-10047,INSP-52,2023-01-06 20:44:48.022267524,M05,OP014,Shift B,"3/8"" Plate",,Weld Defect,9,17,op err,OPERATOR_ERROR,6.96,35.27,380.07
SCRAP-44,WO-10049,INSP-55,2023-01-06 20:28:52.262550440,M04,OP007,Shift B,Stainless 304,,Dimensional,12,2,Setup Error,SETUP_ERROR,7.77,55.95,764.64
SCRAP-45,WO-10050,INSP-56,2023-01-06 10:44:06.877115501,M05,OP009,Shift A,"3/8"" Plate",,Porosity,15,2,Operator Error,OPERATOR_ERROR,4.11,52.56,850.05
SCRAP-46,WO-10051,INSP-57,2023-01-06 16:28:22.062344758,M04,OP001,Shift B,"1/4"" Plate",LOT-1002,Bend Angle,15,3,machine issue,MACHINE_ISSUE,18.7,19.59,574.35
SCRAP-47,WO-10052,INSP-58,2023-01-06 20:19:06.347742725,M03,OP011,Shift B,Stainless 304,,Bend Angle,64,11,Machine,MACHINE_ISSUE,5.72,45.18,3257.6
SCRAP-48,WO-10053,INSP-59,2023-01-06 11:48:25.161177679,M05,OP013,Shift A,"1/4"" Plate",LOT-1002,Porosity,10,1,equipment failure,MACHINE_ISSUE,3.94,21.32,252.6
SCRAP-49,WO-10054,INSP-60,2023-01-06 10:45:58.460125493,M02,OP017,Shift A,12ga Steel,,Surface Scratch,0,1,machine issue,MACHINE_ISSUE,0.96,22.25,0.0
SCRAP-50,WO-10054,INSP-61,2023-01-06 11:17:58.460125493,M02,OP017,Shift A,12ga Steel,,Surface Scratch,0,1,MATERIAL_DEFECT,MATERIAL_DEFECT,6.9,13.66,0.0
SCRAP-51,WO-10055,INSP-62,2023-01-07 10:19:57.741927757,M06,OP018,Shift A,Aluminum 5052,,Dimensional,20,2,design issue,DESIGN_ISSUE,1.01,8.74,195.0
SCRAP-52,WO-10056,INSP-63,2023-01-07 10:53:39.483091904,M06,OP019,Shift A,12ga Steel,LOT-1000,Weld Defect,5,2,op err,OPERATOR_ERROR,4.95,18.54,117.45
SCRAP-53,WO-10057,INSP-64,2023-01-07 07:42:33.537839278,M05,OP005,Shift A,12ga Steel,LOT-1000,Porosity,10,9,Op Error,OPERATOR_ERROR,3.74,36.09,398.3
SCRAP-54,WO-10058,INSP-65,2023-01-07 09:50:40.226910938,M05,OP013,,16ga Steel,LOT-1001,Porosity,4,4,human error,OPERATOR_ERROR,14.2,18.13,129.32
SCRAP-55,WO-10059,INSP-66,2023-01-07 09:50:23.800515642,M07,OP013,,"3/8"" Plate",,Bend Angle,20,1,SETUP_ERROR,SETUP_ERROR,3.93,56.1,1200.6
SCRAP-56,WO-10060,INSP-67,2023-01-07 18:20:45.056967813,M07,OP003,Shift B,Stainless 304,,Surface Scratch,8,13,Material Defect,MATERIAL_DEFECT,7.99,59.79,542.24
SCRAP-57,WO-10061,INSP-68,2023-01-07 19:04:50.466004798,M02,OP006,Shift B,12ga Steel,LOT-1000,Surface Scratch,6,10,Material Defect,MATERIAL_DEFECT,1.03,24.2,151.38
SCRAP-58,WO-10061,INSP-69,2023-01-07 19:32:50.466004798,M02,OP006,Shift B,12ga Steel,LOT-1000,Surface Scratch,12,4,bad material,MATERIAL_DEFECT,1.16,50.86,624.24
SCRAP-59,WO-10062,INSP-70,2023-01-07 15:33:48.704511454,M07,OP010,Shift B,Stainless 304,,Dimensional,3,2,TBD,UNKNOWN,6.55,34.09,121.92
SCRAP-60,WO-10063,INSP-71,2023-01-07 17:55:42.172668628,M01,OP001,Shift B,16ga Steel,LOT-1001,Burr,5,5,Unknown,UNKNOWN,3.09,53.3,281.95
SCRAP-61,WO-10064,INSP-72,2023-01-07 10:33:21.071784252,M01,OP019,Shift A,Aluminum 5052,,Dimensional,7,9,set up error,SETUP_ERROR,1.67,20.5,155.19
SCRAP-62,WO-10064,INSP-73,2023-01-07 10:56:21.071784252,M01,OP019,Shift A,Aluminum 5052,,Dimensional,10,6,MATERIAL_DEFECT,MATERIAL_DEFECT,5.26,19.52,247.8
SCRAP-63,WO-10065,INSP-74,2023-01-07 18:34:31.738317562,M01,OP012,Shift B,12ga Steel,LOT-1000,Burr,6,13,Operator,OPERATOR_ERROR,2.53,20.22,136.5
SCRAP-64,WO-10066,INSP-75,2023-01-07 16:39:39.948887024,M03,OP014,Shift B,Stainless 304,,Dimensional,17,10,human error,OPERATOR_ERROR,7.85,13.89,369.58
SCRAP-65,WO-10067,INSP-76,2023-01-09 11:31:31.921267883,M02,OP009,Shift A,16ga Steel,LOT-1001,Surface Scratch,5,1,Material Defect,MATERIAL_DEFECT,1.38,9.14,52.6
SCRAP-66,WO-10070,INSP-80,2023-01-09 09:58:35.461619477,M04,OP005,Shift A,"1/4"" Plate",LOT-1002,Bend Angle,10,14,Machine Issue,MACHINE_ISSUE,16.02,37.04,530.6
SCRAP-67,WO-10072,INSP-82,2023-01-09 08:40:34.159964701,M02,OP013,Shift A,Stainless 304,,Burr,0,1,OPERATOR_ERROR,OPERATOR_ERROR,3.23,56.32,0.0
SCRAP-68,WO-10073,INSP-83,2023-01-09 16:15:05.319909339,M01,OP001,Shift B,12ga Steel,LOT-1000,Dimensional,7,12,drawing error,DESIGN_ISSUE,1.43,18.72,141.05
SCRAP-69,WO-10074,INSP-84,2023-01-09 17:20:29.729704432,M04,OP003,Shift B,"3/8"" Plate",LOT-1004,Burr,0,2,Setup Error,SETUP_ERROR,2.37,39.14,0.0
SCRAP-70,WO-10075,INSP-85,2023-01-09 19:18:17.780135667,M07,OP003,,16ga Steel,LOT-1001,Dimensional,13,2,DESIGN_ISSUE,DESIGN_ISSUE,18.92,49.59,890.63
SCRAP-71,WO-10076,INSP-86,2023-01-09 18:58:17.842506027,M07,OP016,Shift B,Stainless 304,,Surface Scratch,17,12,Incoming Defect,MATERIAL_DEFECT,7.43,48.03,942.82
SCRAP-72,WO-10077,INSP-87,2023-01-09 17:50:27.765358577,M05,OP016,Shift B,16ga Steel,LOT-1001,Weld Defect,21,4,SETUP_ERROR,SETUP_ERROR,15.92,19.67,747.39
SCRAP-73,WO-10078,INSP-88,2023-01-10 19:51:37.738993134,M03,OP010,Shift B,Stainless 304,,Dimensional,22,25,machine issue,MACHINE_ISSUE,0.79,30.89,696.96
SCRAP-74,WO-10079,INSP-89,2023-01-10 11:26:27.871299033,M06,OP018,Shift A,Stainless 304,,Dimensional,9,11,Machine,MACHINE_ISSUE,6.65,52.92,536.13
SCRAP-75,WO-10080,INSP-90,2023-01-10 18:10:40.537688107,M06,OP011,Shift B,Stainless 304,,Porosity,6,1,Op Error,OPERATOR_ERROR,2.96,52.54,333.0
SCRAP-76,WO-10081,INSP-91,2023-01-10 18:54:46.250063409,M06,OP003,,16ga Steel,LOT-1001,Weld Defect,16,2,Op Error,OPERATOR_ERROR,10.45,42.37,845.12
SCRAP-77,WO-10082,INSP-92,2023-01-10 10:56:47.471673642,M07,OP004,Shift A,16ga Steel,LOT-1001,Dimensional,4,6,TBD,UNKNOWN,3.3,58.37,246.68
SCRAP-78,WO-10083,INSP-93,2023-01-10 17:28:24.578993054,M06,OP012,Shift B,14ga Steel,LOT-1006,Porosity,24,5,operator error,OPERATOR_ERROR,7.44,24.01,754.8
SCRAP-79,WO-10083,INSP-94,2023-01-10 18:04:24.578993054,M06,OP012,Shift B,14ga Steel,LOT-1006,Porosity,19,8,Mat Defect,MATERIAL_DEFECT,6.48,26.19,620.73
SCRAP-80,WO-10084,INSP-95,2023-01-10 17:47:24.415262137,M06,OP011,Shift B,"3/8"" Plate",LOT-1004,Surface Scratch,20,4,human error,OPERATOR_ERROR,2.51,33.6,722.2
SCRAP-81,WO-10085,INSP-96,2023-01-10 10:35:44.230507874,M05,OP018,Shift A,"1/4"" Plate",LOT-1002,Porosity,11,8,MACHINE_ISSUE,MACHINE_ISSUE,14.37,41.88,618.75
SCRAP-82,WO-10086,INSP-97,2023-01-10 18:59:46.294276715,M07,OP007,Shift B,"3/8"" Plate",LOT-1004,Burr,22,7,Unknown,UNKNOWN,4.94,39.27,972.62
SCRAP-83,WO-10087,INSP-98,2023-01-10 17:26:58.915307825,M05,OP001,Shift B,12ga Steel,LOT-1000,Surface Scratch,17,11,machine issue,MACHINE_ISSUE,1.9,22.01,406.47
SCRAP-84,WO-10088,INSP-99,2023-01-10 10:49:32.080265113,M04,OP005,Shift A,"1/4"" Plate",LOT-1002,Dimensional,7,3,setup err,SETUP_ERROR,11.04,15.55,186.13
SCRAP-85,WO-10089,INSP-100,2023-01-10 20:20:56.341090546,M07,OP014,,16ga Steel,LOT-1001,Burr,11,10,equipment failure,MACHINE_ISSUE,17.59,38.85,620.84
SCRAP-86,WO-10090,INSP-101,2023-01-10 09:18:17.984677092,M07,OP004,Shift A,16ga Steel,LOT-1001,Burr,12,2,Setup,SETUP_ERROR,6.72,16.56,279.36
SCRAP-87,WO-10091,INSP-102,2023-01-11 16:55:13.112114486,M04,OP010,Shift B,"1/4"" Plate",LOT-1002,Burr,2,4,machine issue,MACHINE_ISSUE,9.45,29.32,77.54
SCRAP-88,WO-10092,INSP-103,2023-01-11 09:10:59.376099868,M01,OP018,Shift A,16ga Steel,LOT-1001,Surface Scratch,5,2,Mach Issue,MACHINE_ISSUE,18.62,45.48,320.5
SCRAP-89,WO-10093,INSP-104,2023-01-11 12:06:13.115097527,M07,OP004,Shift A,16ga Steel,LOT-1001,Burr,33,5,Machine Issue,MACHINE_ISSUE,12.69,23.44,1192.29
SCRAP-90,WO-10094,INSP-105,2023-01-11 10:16:07.649269310,M01,OP009,Shift A,12ga Steel,LOT-1000,Incorrect Material,4,8,Material Defect,MATERIAL_DEFECT,1.51,15.95,69.84
SCRAP-91,WO-10096,INSP-107,2023-01-11 08:56:51.753104942,M05,OP002,Shift A,"3/8"" Plate",LOT-1004,Weld Defect,15,9,N/A,UNKNOWN,3.39,47.27,759.9
SCRAP-92,WO-10097,INSP-108,2023-01-11 11:24:23.512455156,M05,OP005,Shift A,Aluminum 5052,,Porosity,5,8,Machine,MACHINE_ISSUE,3.38,26.98,151.8
SCRAP-93,WO-10099,INSP-110,2023-01-11 10:01:55.177946156,M05,OP017,Shift A,12ga Steel,LOT-1000,Porosity,6,10,operator error,OPERATOR_ERROR,4.23,47.35,309.48
SCRAP-94,WO-10100,INSP-111,2023-01-11 18:49:34.610646949,M04,OP001,,12ga Steel,LOT-1000,Dimensional,11,7,bad material,MATERIAL_DEFECT,4.5,43.28,525.58
SCRAP-95,WO-10101,INSP-112,2023-01-11 17:52:17.358153182,M05,OP007,Shift B,16ga Steel,LOT-1001,Porosity,41,7,human error,OPERATOR_ERROR,16.6,30.11,1915.11
SCRAP-96,WO-10102,INSP-113,2023-01-12 11:28:38.481766624,M06,OP017,Shift A,14ga Steel,LOT-1003,Dimensional,10,2,setup err,SETUP_ERROR,7.01,22.45,294.6
SCRAP-97,WO-10104,INSP-115,2023-01-12 10:25:16.493146717,M07,OP020,Shift A,16ga Steel,LOT-1001,Burr,16,2,equipment failure,MACHINE_ISSUE,14.26,32.76,752.32
SCRAP-98,WO-10106,INSP-117,2023-01-12 08:42:36.604766302,M05,OP004,Shift A,14ga Steel,LOT-1006,Weld Defect,5,4,Operator,OPERATOR_ERROR,2.53,52.38,274.55
SCRAP-99,WO-10107,INSP-118,2023-01-12 18:54:43.567019930,M06,OP001,Shift B,Aluminum 5052,,Porosity,17,8,human error,OPERATOR_ERROR,5.28,47.12,890.8
SCRAP-100,WO-10109,INSP-120,2023-01-12 18:53:02.707822689,M06,OP003,Shift B,Stainless 304,LOT-1009,Dimensional,10,11,Mat Defect,MATERIAL_DEFECT,4.51,44.24,487.5
SCRAP-101,WO-10110,INSP-121,2023-01-12 18:27:52.960598284,M01,OP011,,Aluminum 5052,,Burr,8,8,Machine,MACHINE_ISSUE,4.55,12.61,137.28
SCRAP-102,WO-10111,INSP-122,2023-01-12 10:31:45.747735952,M02,OP017,Shift A,16ga Steel,LOT-1001,Surface Scratch,2,3,material defect,MATERIAL_DEFECT,5.09,27.82,65.82
SCRAP-103,WO-10112,INSP-123,2023-01-12 19:45:01.343383525,M05,OP006,,14ga Steel,LOT-1003,Dimensional,12,1,equipment failure,MACHINE_ISSUE,3.07,28.11,374.16
SCRAP-104,WO-10113,INSP-124,2023-01-12 07:44:28.416104341,M05,OP020,Shift A,"3/8"" Plate",LOT-1004,Weld Defect,16,7,setup err,SETUP_ERROR,0.43,53.44,861.92
SCRAP-105,WO-10114,INSP-125,2023-01-12 19:04:35.783568234,M04,OP016,Shift B,"1/4"" Plate",LOT-1002,Dimensional,9,1,Operator,OPERATOR_ERROR,7.44,46.44,484.92
SCRAP-106,WO-10115,INSP-126,2023-01-12 08:17:18.230690330,M02,OP013,Shift A,12ga Steel,LOT-1000,Surface Scratch,16,6,Material Defect,MATERIAL_DEFECT,4.21,35.04,628.0
SCRAP-107,WO-10115,INSP-127,2023-01-12 08:43:18.230690330,M02,OP013,Shift A,12ga Steel,LOT-1000,Surface Scratch,13,9,Incoming Defect,MATERIAL_DEFECT,1.75,31.71,434.98
SCRAP-108,WO-10116,INSP-128,2023-01-13 19:42:27.830059581,M01,OP010,Shift B,Aluminum 5052,LOT-1005,Surface Scratch,1,1,Machine Issue,MACHINE_ISSUE,8.44,14.08,22.52
SCRAP-109,WO-10116,INSP-129,2023-01-13 20:13:27.830059581,M01,OP010,Shift B,Aluminum 5052,LOT-1005,Surface Scratch,1,1,UNKNOWN,UNKNOWN,10.76,54.88,65.64
SCRAP-110,WO-10117,INSP-130,2023-01-13 09:01:39.205077562,M07,OP019,Shift A,16ga Steel,LOT-1001,Dimensional,8,11,Op Error,OPERATOR_ERROR,8.99,52.68,493.36
SCRAP-111,WO-10118,INSP-131,2023-01-13 08:38:34.371062720,M07,OP005,Shift A,16ga Steel,LOT-1001,Dimensional,10,2,machine issue,MACHINE_ISSUE,5.05,22.98,280.3
SCRAP-112,WO-10119,INSP-132,2023-01-13 17:26:42.738212908,M06,OP007,Shift B,14ga Steel,LOT-1006,Dimensional,56,7,material defect,MATERIAL_DEFECT,11.41,28.19,2217.6
SCRAP-113,WO-10120,INSP-133,2023-01-13 12:18:51.994650243,M06,OP009,Shift A,16ga Steel,LOT-1001,Surface Scratch,12,9,human error,OPERATOR_ERROR,11.0,59.99,851.88
SCRAP-114,WO-10121,INSP-134,2023-01-13 10:19:38.436842710,M02,OP018,Shift A,16ga Steel,LOT-1001,Dimensional,5,11,Operator Error,OPERATOR_ERROR,18.58,7.21,128.95
SCRAP-115,WO-10121,INSP-135,2023-01-13 10:49:38.436842710,M02,OP018,Shift A,16ga Steel,LOT-1001,Dimensional,6,10,human error,OPERATOR_ERROR,1.58,13.38,89.76
SCRAP-116,WO-10122,INSP-136,2023-01-13 09:00:20.160687088,M06,OP017,Shift A,Stainless 304,LOT-1009,Dimensional,4,4,Op Error,OPERATOR_ERROR,9.02,30.58,158.4
SCRAP-117,WO-10124,INSP-138,2023-01-16 11:16:00.430741065,M06,OP017,Shift A,Stainless 304,LOT-1009,Weld Defect,2,3,Operator,OPERATOR_ERROR,5.99,46.14,104.26
SCRAP-118,WO-10125,INSP-139,2023-01-16 11:39:35.064333066,M04,OP015,Shift A,Stainless 304,LOT-1007,Dimensional,5,1,op err,OPERATOR_ERROR,1.83,36.83,193.3
SCRAP-119,WO-10126,INSP-140,2023-01-16 10:27:31.087669579,M05,OP005,Shift A,12ga Steel,LOT-1000,Weld Defect,13,4,MACHINE_ISSUE,MACHINE_ISSUE,5.3,26.82,417.56
SCRAP-120,WO-10129,INSP-144,2023-01-16 18:16:56.062464632,M01,OP016,Shift B,Aluminum 5052,LOT-1005,Dimensional,4,1,set up error,SETUP_ERROR,16.07,18.36,137.72
SCRAP-121,WO-10130,INSP-145,2023-01-16 12:18:05.827949400,M07,OP002,Shift A,16ga Steel,LOT-1001,Dimensional,8,1,DESIGN_ISSUE,DESIGN_ISSUE,12.1,11.66,190.08
SCRAP-122,WO-10132,INSP-148,2023-01-16 12:01:31.895527291,M05,OP015,Shift A,14ga Steel,LOT-1006,Surface Scratch,13,7,Mat Defect,MATERIAL_DEFECT,5.55,25.38,402.09
SCRAP-123,WO-10132,INSP-149,2023-01-16 12:24:31.895527291,M05,OP015,Shift A,14ga Steel,LOT-1006,Surface Scratch,12,7,Op Error,OPERATOR_ERROR,5.46,31.96,449.04
SCRAP-124,WO-10133,INSP-150,2023-01-16 16:37:24.330317314,M07,OP014,Shift B,16ga Steel,LOT-1001,Surface Scratch,15,9,Machine,MACHINE_ISSUE,16.24,43.9,902.1
SCRAP-125,WO-10135,INSP-152,2023-01-16 08:11:40.806835808,M05,OP013,Shift A,12ga Steel,LOT-1000,Dimensional,13,1,setup err,SETUP_ERROR,3.71,38.88,553.67
SCRAP-126,WO-10136,INSP-153,2023-01-16 08:57:38.953634864,M01,OP005,Shift A,16ga Steel,LOT-1001,Surface Scratch,7,6,Material Defect,MATERIAL_DEFECT,16.19,37.59,376.46
SCRAP-127,WO-10137,INSP-154,2023-01-16 19:37:17.389489462,M06,OP012,Shift B,16ga Steel,LOT-1001,Weld Defect,5,6,machine issue,MACHINE_ISSUE,2.78,53.49,281.35
SCRAP-128,WO-10138,INSP-155,2023-01-16 18:13:40.288857982,M06,OP008,Shift B,16ga Steel,LOT-1001,Porosity,10,6,Op Error,OPERATOR_ERROR,13.33,23.5,368.3
SCRAP-129,WO-10139,INSP-156,2023-01-17 17:17:45.709735680,M01,OP014,Shift B,12ga Steel,LOT-1000,Burr,2,2,bad material,MATERIAL_DEFECT,1.44,48.88,100.64
SCRAP-130,WO-10140,INSP-157,2023-01-17 20:08:16.875302106,M05,OP003,Shift B,12ga Steel,LOT-1000,Porosity,2,1,MACHINE_ISSUE,MACHINE_ISSUE,1.77,5.56,14.66
SCRAP-131,WO-10141,INSP-158,2023-01-17 15:31:53.507973367,M06,OP007,Shift B,Aluminum 5052,LOT-1005,Weld Defect,2,3,operator error,OPERATOR_ERROR,8.47,35.53,88.0
SCRAP-132,WO-10142,INSP-159,2023-01-17 12:27:24.191441436,M03,OP005,Shift A,14ga Steel,LOT-1006,Bend Angle,13,21,Setup Error,SETUP_ERROR,6.25,48.61,713.18
SCRAP-133,WO-10143,INSP-160,2023-01-17 12:16:12.357578897,M03,OP002,Shift A,Stainless 304,LOT-1009,Bend Angle,7,6,equipment failure,MACHINE_ISSUE,2.76,41.52,309.96
SCRAP-134,WO-10144,INSP-161,2023-01-17 16:54:11.691843127,M07,OP016,Shift B,"3/8"" Plate",LOT-1004,Burr,8,7,Machine,MACHINE_ISSUE,2.46,46.03,387.92
SCRAP-135,WO-10145,INSP-162,2023-01-18 17:27:11.577063374,M07,OP001,Shift B,16ga Steel,LOT-1001,Bend Angle,4,1,Mach Issue,MACHINE_ISSUE,6.77,17.68,97.8
SCRAP-136,WO-10146,INSP-163,2023-01-18 11:20:19.128108408,M06,OP017,Shift A,Aluminum 5052,LOT-1005,Weld Defect,0,2,Operator Error,OPERATOR_ERROR,10.79,46.92,0.0
SCRAP-137,WO-10147,INSP-164,2023-01-18 11:45:56.986212667,M03,OP004,Shift A,Stainless 304,LOT-1009,Dimensional,10,3,Setup,SETUP_ERROR,3.05,37.43,404.8
SCRAP-138,WO-10148,INSP-165,2023-01-18 18:28:14.233243261,M05,OP012,Shift B,Aluminum 5052,LOT-1005,Porosity,1,3,Operator Error,OPERATOR_ERROR,2.99,15.68,18.67
SCRAP-139,WO-10149,INSP-166,2023-01-18 16:34:47.283824223,M06,OP014,Shift B,Aluminum 5052,LOT-1005,Porosity,6,11,OPERATOR_ERROR,OPERATOR_ERROR,13.87,11.96,154.98
SCRAP-140,WO-10150,INSP-167,2023-01-18 18:26:54.860098127,M04,OP008,Shift B,"1/4"" Plate",LOT-1002,Bend Angle,26,3,setup err,SETUP_ERROR,13.58,11.95,663.78
SCRAP-141,WO-10151,INSP-168,2023-01-18 19:06:58.293111932,M05,OP010,Shift B,"1/4"" Plate",LOT-1002,Porosity,16,9,Op Error,OPERATOR_ERROR,1.4,20.64,352.64
SCRAP-142,WO-10152,INSP-169,2023-01-18 10:11:11.800258789,M06,OP004,Shift A,Aluminum 5052,LOT-1005,Porosity,3,2,Operator,OPERATOR_ERROR,2.11,56.76,176.61
SCRAP-143,WO-10153,INSP-170,2023-01-19 15:18:47.467727992,M01,OP016,Shift B,Aluminum 5052,LOT-1005,Incorrect Material,6,2,Material Defect,MATERIAL_DEFECT,10.0,36.74,280.44
SCRAP-144,WO-10154,INSP-171,2023-01-19 09:00:16.611183928,M03,OP005,Shift A,Stainless 304,LOT-1007,Dimensional,22,1,OPERATOR_ERROR,OPERATOR_ERROR,3.05,21.71,544.72
SCRAP-145,WO-10155,INSP-172,2023-01-19 09:23:12.553022806,M01,OP018,Shift A,Aluminum 5052,LOT-1005,Surface Scratch,6,3,equipment failure,MACHINE_ISSUE,8.65,37.79,278.64
SCRAP-146,WO-10156,INSP-173,2023-01-19 10:47:11.650728984,M01,OP004,Shift A,Aluminum 5052,LOT-1005,Dimensional,7,3,machine issue,MACHINE_ISSUE,17.47,21.35,271.74
SCRAP-147,WO-10157,INSP-174,2023-01-19 10:16:13.569810679,M06,OP020,,16ga Steel,LOT-1001,Surface Scratch,13,3,Material Defect,MATERIAL_DEFECT,12.48,38.53,663.13
SCRAP-148,WO-10158,INSP-175,2023-01-19 09:18:14.082817222,M06,OP015,Shift A,16ga Steel,LOT-1001,Porosity,2,3,bad material,MATERIAL_DEFECT,6.01,9.47,30.96
SCRAP-149,WO-10159,INSP-176,2023-01-19 18:07:41.223409632,M05,OP014,Shift B,Aluminum 5052,LOT-1005,Weld Defect,13,6,Op Error,OPERATOR_ERROR,1.24,29.78,403.26
SCRAP-150,WO-10160,INSP-177,2023-01-19 09:12:32.396336098,M04,OP020,Shift A,"1/4"" Plate",LOT-1014,Bend Angle,4,1,OPERATOR_ERROR,OPERATOR_ERROR,6.19,20.55,106.96
SCRAP-151,WO-10161,INSP-178,2023-01-19 18:21:24.695805281,M05,OP003,Shift B,"3/8"" Plate",LOT-1010,Dimensional,16,6,First Article Fail,SETUP_ERROR,12.72,48.33,976.8
SCRAP-152,WO-10162,INSP-179,2023-01-19 08:46:15.973514622,M05,OP017,Shift A,Aluminum 5052,LOT-1005,Surface Scratch,6,7,Machine Issue,MACHINE_ISSUE,4.74,11.31,96.3
SCRAP-153,WO-10163,INSP-180,2023-01-19 18:47:41.000060662,M03,OP003,Shift B,Stainless 304,LOT-1007,Burr,27,32,TBD,UNKNOWN,4.33,8.93,358.02
SCRAP-154,WO-10164,INSP-181,2023-01-19 10:46:03.596807128,M03,OP005,,Stainless 304,LOT-1007,Bend Angle,1,2,setup err,SETUP_ERROR,4.32,55.67,59.99
SCRAP-155,WO-10165,INSP-182,2023-01-19 12:15:30.520936796,M05,OP020,Shift A,14ga Steel,LOT-1003,Surface Scratch,5,3,machine issue,MACHINE_ISSUE,8.59,56.85,327.2
SCRAP-156,WO-10166,INSP-183,2023-01-20 17:29:38.474366044,M07,OP008,Shift B,"3/8"" Plate",LOT-1004,Bend Angle,15,4,equipment failure,MACHINE_ISSUE,3.33,53.92,858.75
SCRAP-157,WO-10166,INSP-184,2023-01-20 17:59:38.474366044,M07,OP008,Shift B,"3/8"" Plate",LOT-1004,Bend Angle,16,3,equipment failure,MACHINE_ISSUE,0.79,57.91,939.2
SCRAP-158,WO-10167,INSP-185,2023-01-20 18:52:38.847582427,M05,OP010,Shift B,12ga Steel,LOT-1000,Porosity,9,2,op err,OPERATOR_ERROR,0.45,47.06,427.59
SCRAP-159,WO-10168,INSP-186,2023-01-20 17:57:46.346782902,M07,OP003,Shift B,"3/8"" Plate",LOT-1008,Surface Scratch,7,3,Op Error,OPERATOR_ERROR,6.51,30.88,261.73
SCRAP-160,WO-10169,INSP-187,2023-01-20 11:52:42.751694051,M07,OP015,Shift A,"3/8"" Plate",LOT-1004,Dimensional,7,4,OPERATOR_ERROR,OPERATOR_ERROR,3.26,39.91,302.19
SCRAP-161,WO-10171,INSP-189,2023-01-20 20:02:33.593497799,M05,OP014,Shift B,12ga Steel,LOT-1000,Dimensional,1,3,Machine Issue,MACHINE_ISSUE,2.45,22.66,25.11
SCRAP-162,WO-10172,INSP-190,2023-01-20 15:56:40.259350604,M02,OP003,Shift B,12ga Steel,LOT-1012,Surface Scratch,8,1,bad material,MATERIAL_DEFECT,3.99,20.85,198.72
SCRAP-163,WO-10172,INSP-191,2023-01-20 16:04:40.259350604,M02,OP003,Shift B,12ga Steel,LOT-1012,Surface Scratch,3,6,Operator,OPERATOR_ERROR,0.81,18.88,59.07
SCRAP-164,WO-10173,INSP-192,2023-01-20 10:27:26.032848623,M02,OP009,Shift A,12ga Steel,LOT-1012,Dimensional,19,6,equipment failure,MACHINE_ISSUE,3.05,59.35,1185.6
SCRAP-165,WO-10174,INSP-193,2023-01-20 11:46:04.099381951,M05,OP015,Shift A,12ga Steel,LOT-1012,Weld Defect,9,3,material defect,MATERIAL_DEFECT,0.63,33.51,307.26
SCRAP-166,WO-10175,INSP-194,2023-01-20 18:20:56.019098845,M06,OP016,Shift B,Aluminum 5052,LOT-1005,Weld Defect,9,4,Mach Issue,MACHINE_ISSUE,14.81,16.2,279.09
SCRAP-167,WO-10176,INSP-195,2023-01-20 19:31:28.836962156,M07,OP008,Shift B,16ga Steel,LOT-1013,Dimensional,13,1,equipment failure,MACHINE_ISSUE,8.65,11.68,264.29
SCRAP-168,WO-10178,INSP-197,2023-01-20 19:57:15.555574759,M02,OP014,Shift B,Stainless 304,LOT-1007,Surface Scratch,1,2,machine issue,MACHINE_ISSUE,3.76,22.09,25.85
SCRAP-169,WO-10179,INSP-198,2023-01-23 11:01:36.314354442,M06,OP018,Shift A,Aluminum 5052,LOT-1005,Porosity,17,10,OPERATOR_ERROR,OPERATOR_ERROR,18.97,55.21,1261.06
SCRAP-170,WO-10180,INSP-199,2023-01-23 18:01:02.554240618,M05,OP007,Shift B,14ga Steel,LOT-1003,Porosity,13,12,Incoming Defect,MATERIAL_DEFECT,2.47,56.3,764.01
SCRAP-171,WO-10181,INSP-200,2023-01-23 19:13:29.363085565,M02,OP010,Shift B,Stainless 304,LOT-1007,Burr,10,11,equipment failure,MACHINE_ISSUE,4.37,58.91,632.8
SCRAP-172,WO-10182,INSP-201,2023-01-23 10:32:29.686039683,M03,OP013,Shift A,Stainless 304,LOT-1009,Bend Angle,14,3,Operator Error,OPERATOR_ERROR,2.29,37.97,563.64
SCRAP-173,WO-10183,INSP-202,2023-01-23 10:23:23.857605680,M02,OP019,Shift A,Stainless 304,LOT-1007,Incorrect Material,3,3,drawing error,DESIGN_ISSUE,1.66,48.45,150.33
SCRAP-174,WO-10184,INSP-203,2023-01-23 09:03:25.240589510,M06,OP009,Shift A,Stainless 304,LOT-1009,Dimensional,26,4,bad material,MATERIAL_DEFECT,0.62,44.93,1184.3
SCRAP-175,WO-10185,INSP-204,2023-01-23 17:16:38.606201959,M01,OP007,Shift B,12ga Steel,LOT-1000,Burr,16,8,,UNKNOWN,2.87,13.17,256.64
SCRAP-176,WO-10186,INSP-205,2023-01-23 08:11:16.405031123,M01,OP017,Shift A,Aluminum 5052,LOT-1005,Incorrect Material,18,1,Material Defect,MATERIAL_DEFECT,14.86,25.75,730.98
SCRAP-177,WO-10187,INSP-206,2023-01-23 12:42:52.838645335,M01,OP013,Shift A,Aluminum 5052,LOT-1005,Dimensional,19,3,Not Recorded,UNKNOWN,5.47,26.06,599.07
SCRAP-178,WO-10188,INSP-207,2023-01-23 19:14:18.322260579,M05,OP008,Shift B,"3/8"" Plate",LOT-1008,Porosity,7,2,operator error,OPERATOR_ERROR,6.41,43.79,351.4
SCRAP-179,WO-10189,INSP-208,2023-01-23 20:22:22.110014348,M03,OP016,,14ga Steel,LOT-1006,Bend Angle,4,7,UNKNOWN,UNKNOWN,9.63,40.86,201.96
SCRAP-180,WO-10190,INSP-209,2023-01-23 07:25:59.137401236,M02,OP005,Shift A,"1/4"" Plate",LOT-1014,Incorrect Material,4,6,material defect,MATERIAL_DEFECT,18.0,23.26,165.04
SCRAP-181,WO-10191,INSP-210,2023-01-24 18:17:49.076236364,M03,OP010,Shift B,Stainless 304,LOT-1009,Burr,21,28,Operator,OPERATOR_ERROR,8.69,5.84,305.13
SCRAP-182,WO-10192,INSP-211,2023-01-24 08:42:36.495133559,M06,OP013,Shift A,16ga Steel,LOT-1013,Weld Defect,18,1,Mach Issue,MACHINE_ISSUE,2.5,30.82,599.76
SCRAP-183,WO-10194,INSP-213,2023-01-24 10:49:39.743441049,M04,OP020,Shift A,"1/4"" Plate",LOT-1014,Bend Angle,9,7,First Article Fail,SETUP_ERROR,8.09,9.42,157.59
SCRAP-184,WO-10195,INSP-214,2023-01-24 19:18:42.470369235,M06,OP001,Shift B,Aluminum 5052,LOT-1005,Weld Defect,11,3,setup err,SETUP_ERROR,8.0,22.42,334.62
SCRAP-185,WO-10196,INSP-215,2023-01-24 17:24:26.036166308,M07,OP008,Shift B,16ga Steel,LOT-1001,Dimensional,2,1,print error,DESIGN_ISSUE,1.86,8.76,21.24
SCRAP-186,WO-10197,INSP-216,2023-01-24 17:06:11.784970724,M06,OP001,Shift B,"3/8"" Plate",LOT-1010,Dimensional,4,8,Unknown,UNKNOWN,10.44,28.87,157.24
SCRAP-187,WO-10197,INSP-217,2023-01-24 17:49:11.784970724,M06,OP001,Shift B,"3/8"" Plate",LOT-1010,Dimensional,4,8,MACHINE_ISSUE,MACHINE_ISSUE,9.77,54.69,257.84
SCRAP-188,WO-10198,INSP-218,2023-01-24 09:44:09.363195930,M01,OP019,Shift A,16ga Steel,LOT-1018,Surface Scratch,6,3,bad material,MATERIAL_DEFECT,9.49,13.01,135.0
SCRAP-189,WO-10199,INSP-219,2023-01-24 10:39:28.151544429,M03,OP013,Shift A,Stainless 304,LOT-1007,Dimensional,11,4,setup err,SETUP_ERROR,1.2,14.63,174.13
SCRAP-190,WO-10202,INSP-222,2023-01-25 20:03:17.443747390,M04,OP016,Shift B,12ga Steel,LOT-1019,Dimensional,2,4,setup err,SETUP_ERROR,5.68,55.21,121.78
SCRAP-191,WO-10203,INSP-223,2023-01-25 18:52:11.307484916,M04,OP008,Shift B,12ga Steel,LOT-1012,Burr,16,2,machine issue,MACHINE_ISSUE,2.76,41.68,711.04
SCRAP-192,WO-10204,INSP-224,2023-01-25 16:51:55.126185447,M01,OP011,Shift B,16ga Steel,LOT-1018,Burr,6,4,,UNKNOWN,16.0,13.69,178.14
SCRAP-193,WO-10205,INSP-225,2023-01-25 19:22:44.792438720,M05,OP001,Shift B,12ga Steel,LOT-1000,Weld Defect,5,2,See Notes,UNKNOWN,1.89,57.91,299.0
SCRAP-194,WO-10206,INSP-226,2023-01-25 15:36:54.761549162,M06,OP003,Shift B,16ga Steel,LOT-1001,Dimensional,11,7,Setup Error,SETUP_ERROR,4.82,26.16,340.78
SCRAP-195,WO-10207,INSP-227,2023-01-25 11:26:51.115786467,M04,OP018,Shift A,"3/8"" Plate",LOT-1004,Burr,16,4,MACHINE_ISSUE,MACHINE_ISSUE,2.13,21.27,374.4
SCRAP-196,WO-10209,INSP-229,2023-01-25 17:41:00.091095625,M06,OP010,Shift B,16ga Steel,LOT-1018,Weld Defect,16,7,UNKNOWN,UNKNOWN,15.58,20.1,570.88
SCRAP-197,WO-10210,INSP-230,2023-01-25 09:55:47.296814129,M06,OP020,Shift A,14ga Steel,LOT-1003,Porosity,22,2,Setup Error,SETUP_ERROR,9.1,50.81,1318.02
SCRAP-198,WO-10213,INSP-233,2023-01-25 09:14:07.022152512,M04,OP004,,Stainless 304,LOT-1007,Bend Angle,5,2,First Article Fail,SETUP_ERROR,2.03,40.01,210.2
SCRAP-199,WO-10214,INSP-234,2023-01-25 10:47:23.962955960,M03,OP019,Shift A,Stainless 304,LOT-1007,Bend Angle,0,1,SETUP_ERROR,SETUP_ERROR,4.04,42.45,0.0
SCRAP-200,WO-10215,INSP-235,2023-01-25 10:38:39.209036219,M03,OP019,Shift A,Stainless 304,LOT-1007,Bend Angle,3,2,drawing error,DESIGN_ISSUE,3.45,21.99,76.32
